image,subject_id,code_path,mask_path,code_bits_count,valid_bits_ratio,gabor_frequency,status
aeval1.bmp,1_left,C:\Studia\6 sem\biometria\projekt_2_koniec\rozpoznawanie-teczowki-biometria\results_mmu\kodowanie\1_left_aeval1_iris_code.npy,C:\Studia\6 sem\biometria\projekt_2_koniec\rozpoznawanie-teczowki-biometria\results_mmu\kodowanie\1_left_aeval1_iris_mask.npy,2048,1.0,0.02454369260617026,ok
aeval2.bmp,1_left,C:\Studia\6 sem\biometria\projekt_2_koniec\rozpoznawanie-teczowki-biometria\results_mmu\kodowanie\1_left_aeval2_iris_code.npy,C:\Studia\6 sem\biometria\projekt_2_koniec\rozpoznawanie-teczowki-biometria\results_mmu\kodowanie\1_left_aeval2_iris_mask.npy,2048,1.0,0.02454369260617026,ok
aeval3.bmp,1_left,C:\Studia\6 sem\biometria\projekt_2_koniec\rozpoznawanie-teczowki-biometria\results_mmu\kodowanie\1_left_aeval3_iris_code.npy,C:\Studia\6 sem\biometria\projekt_2_koniec\rozpoznawanie-teczowki-biometria\results_mmu\kodowanie\1_left_aeval3_iris_mask.npy,2048,1.0,0.02454369260617026,ok
aeval4.bmp,1_left,C:\Studia\6 sem\biometria\projekt_2_koniec\rozpoznawanie-teczowki-biometria\results_mmu\kodowanie\1_left_aeval4_iris_code.npy,C:\Studia\6 sem\biometria\projekt_2_koniec\rozpoznawanie-teczowki-biometria\results_mmu\kodowanie\1_left_aeval4_iris_mask.npy,2048,1.0,0.02454369260617026,ok
aeval5.bmp,1_left,C:\Studia\6 sem\biometria\projekt_2_koniec\rozpoznawanie-teczowki-biometria\results_mmu\kodowanie\1_left_aeval5_iris_code.npy,C:\Studia\6 sem\biometria\projekt_2_koniec\rozpoznawanie-teczowki-biometria\results_mmu\kodowanie\1_left_aeval5_iris_mask.npy,2048,1.0,0.02454369260617026,ok
aevar1.bmp,1_right,C:\Studia\6 sem\biometria\projekt_2_koniec\rozpoznawanie-teczowki-biometria\results_mmu\kodowanie\1_right_aevar1_iris_code.npy,C:\Studia\6 sem\biometria\projekt_2_koniec\rozpoznawanie-teczowki-biometria\results_mmu\kodowanie\1_right_aevar1_iris_mask.npy,2048,1.0,0.02454369260617026,ok
aevar2.bmp,1_right,C:\Studia\6 sem\biometria\projekt_2_koniec\rozpoznawanie-teczowki-biometria\results_mmu\kodowanie\1_right_aevar2_iris_code.npy,C:\Studia\6 sem\biometria\projekt_2_koniec\rozpoznawanie-teczowki-biometria\results_mmu\kodowanie\1_right_aevar2_iris_mask.npy,2048,1.0,0.02454369260617026,ok
aevar3.bmp,1_right,C:\Studia\6 sem\biometria\projekt_2_koniec\rozpoznawanie-teczowki-biometria\results_mmu\kodowanie\1_right_aevar3_iris_code.npy,C:\Studia\6 sem\biometria\projekt_2_koniec\rozpoznawanie-teczowki-biometria\results_mmu\kodowanie\1_right_aevar3_iris_mask.npy,2048,1.0,0.02454369260617026,ok
aevar4.bmp,1_right,C:\Studia\6 sem\biometria\projekt_2_koniec\rozpoznawanie-teczowki-biometria\results_mmu\kodowanie\1_right_aevar4_iris_code.npy,C:\Studia\6 sem\biometria\projekt_2_koniec\rozpoznawanie-teczowki-biometria\results_mmu\kodowanie\1_right_aevar4_iris_mask.npy,2048,1.0,0.02454369260617026,ok
aevar5.bmp,1_right,C:\Studia\6 sem\biometria\projekt_2_koniec\rozpoznawanie-teczowki-biometria\results_mmu\kodowanie\1_right_aevar5_iris_code.npy,C:\Studia\6 sem\biometria\projekt_2_koniec\rozpoznawanie-teczowki-biometria\results_mmu\kodowanie\1_right_aevar5_iris_mask.npy,2048,1.0,0.02454369260617026,ok
fional1.bmp,10_left,C:\Studia\6 sem\biometria\projekt_2_koniec\rozpoznawanie-teczowki-biometria\results_mmu\kodowanie\10_left_fional1_iris_code.npy,C:\Studia\6 sem\biometria\projekt_2_koniec\rozpoznawanie-teczowki-biometria\results_mmu\kodowanie\10_left_fional1_iris_mask.npy,2048,1.0,0.02454369260617026,ok
fional2.bmp,10_left,C:\Studia\6 sem\biometria\projekt_2_koniec\rozpoznawanie-teczowki-biometria\results_mmu\kodowanie\10_left_fional2_iris_code.npy,C:\Studia\6 sem\biometria\projekt_2_koniec\rozpoznawanie-teczowki-biometria\results_mmu\kodowanie\10_left_fional2_iris_mask.npy,2048,1.0,0.02454369260617026,ok
fional3.bmp,10_left,C:\Studia\6 sem\biometria\projekt_2_koniec\rozpoznawanie-teczowki-biometria\results_mmu\kodowanie\10_left_fional3_iris_code.npy,C:\Studia\6 sem\biometria\projekt_2_koniec\rozpoznawanie-teczowki-biometria\results_mmu\kodowanie\10_left_fional3_iris_mask.npy,2048,1.0,0.02454369260617026,ok
fional4.bmp,10_left,C:\Studia\6 sem\biometria\projekt_2_koniec\rozpoznawanie-teczowki-biometria\results_mmu\kodowanie\10_left_fional4_iris_code.npy,C:\Studia\6 sem\biometria\projekt_2_koniec\rozpoznawanie-teczowki-biometria\results_mmu\kodowanie\10_left_fional4_iris_mask.npy,2048,1.0,0.02454369260617026,ok
fional5.bmp,10_left,C:\Studia\6 sem\biometria\projekt_2_koniec\rozpoznawanie-teczowki-biometria\results_mmu\kodowanie\10_left_fional5_iris_code.npy,C:\Studia\6 sem\biometria\projekt_2_koniec\rozpoznawanie-teczowki-biometria\results_mmu\kodowanie\10_left_fional5_iris_mask.npy,2048,1.0,0.02454369260617026,ok
fionar1.bmp,10_right,C:\Studia\6 sem\biometria\projekt_2_koniec\rozpoznawanie-teczowki-biometria\results_mmu\kodowanie\10_right_fionar1_iris_code.npy,C:\Studia\6 sem\biometria\projekt_2_koniec\rozpoznawanie-teczowki-biometria\results_mmu\kodowanie\10_right_fionar1_iris_mask.npy,2048,1.0,0.02454369260617026,ok
fionar2.bmp,10_right,C:\Studia\6 sem\biometria\projekt_2_koniec\rozpoznawanie-teczowki-biometria\results_mmu\kodowanie\10_right_fionar2_iris_code.npy,C:\Studia\6 sem\biometria\projekt_2_koniec\rozpoznawanie-teczowki-biometria\results_mmu\kodowanie\10_right_fionar2_iris_mask.npy,2048,1.0,0.02454369260617026,ok
fionar3.bmp,10_right,C:\Studia\6 sem\biometria\projekt_2_koniec\rozpoznawanie-teczowki-biometria\results_mmu\kodowanie\10_right_fionar3_iris_code.npy,C:\Studia\6 sem\biometria\projekt_2_koniec\rozpoznawanie-teczowki-biometria\results_mmu\kodowanie\10_right_fionar3_iris_mask.npy,2048,1.0,0.02454369260617026,ok
fionar4.bmp,10_right,C:\Studia\6 sem\biometria\projekt_2_koniec\rozpoznawanie-teczowki-biometria\results_mmu\kodowanie\10_right_fionar4_iris_code.npy,C:\Studia\6 sem\biometria\projekt_2_koniec\rozpoznawanie-teczowki-biometria\results_mmu\kodowanie\10_right_fionar4_iris_mask.npy,2048,1.0,0.02454369260617026,ok
fionar5.bmp,10_right,C:\Studia\6 sem\biometria\projekt_2_koniec\rozpoznawanie-teczowki-biometria\results_mmu\kodowanie\10_right_fionar5_iris_code.npy,C:\Studia\6 sem\biometria\projekt_2_koniec\rozpoznawanie-teczowki-biometria\results_mmu\kodowanie\10_right_fionar5_iris_mask.npy,2048,1.0,0.02454369260617026,ok
hockl1.bmp,11_left,C:\Studia\6 sem\biometria\projekt_2_koniec\rozpoznawanie-teczowki-biometria\results_mmu\kodowanie\11_left_hockl1_iris_code.npy,C:\Studia\6 sem\biometria\projekt_2_koniec\rozpoznawanie-teczowki-biometria\results_mmu\kodowanie\11_left_hockl1_iris_mask.npy,2048,1.0,0.02454369260617026,ok
hockl2.bmp,11_left,C:\Studia\6 sem\biometria\projekt_2_koniec\rozpoznawanie-teczowki-biometria\results_mmu\kodowanie\11_left_hockl2_iris_code.npy,C:\Studia\6 sem\biometria\projekt_2_koniec\rozpoznawanie-teczowki-biometria\results_mmu\kodowanie\11_left_hockl2_iris_mask.npy,2048,1.0,0.02454369260617026,ok
hockl3.bmp,11_left,C:\Studia\6 sem\biometria\projekt_2_koniec\rozpoznawanie-teczowki-biometria\results_mmu\kodowanie\11_left_hockl3_iris_code.npy,C:\Studia\6 sem\biometria\projekt_2_koniec\rozpoznawanie-teczowki-biometria\results_mmu\kodowanie\11_left_hockl3_iris_mask.npy,2048,1.0,0.02454369260617026,ok
hockl4.bmp,11_left,C:\Studia\6 sem\biometria\projekt_2_koniec\rozpoznawanie-teczowki-biometria\results_mmu\kodowanie\11_left_hockl4_iris_code.npy,C:\Studia\6 sem\biometria\projekt_2_koniec\rozpoznawanie-teczowki-biometria\results_mmu\kodowanie\11_left_hockl4_iris_mask.npy,2048,1.0,0.02454369260617026,ok
hockl5.bmp,11_left,C:\Studia\6 sem\biometria\projekt_2_koniec\rozpoznawanie-teczowki-biometria\results_mmu\kodowanie\11_left_hockl5_iris_code.npy,C:\Studia\6 sem\biometria\projekt_2_koniec\rozpoznawanie-teczowki-biometria\results_mmu\kodowanie\11_left_hockl5_iris_mask.npy,2048,1.0,0.02454369260617026,ok
hockr1.bmp,11_right,C:\Studia\6 sem\biometria\projekt_2_koniec\rozpoznawanie-teczowki-biometria\results_mmu\kodowanie\11_right_hockr1_iris_code.npy,C:\Studia\6 sem\biometria\projekt_2_koniec\rozpoznawanie-teczowki-biometria\results_mmu\kodowanie\11_right_hockr1_iris_mask.npy,2048,1.0,0.02454369260617026,ok
hockr2.bmp,11_right,C:\Studia\6 sem\biometria\projekt_2_koniec\rozpoznawanie-teczowki-biometria\results_mmu\kodowanie\11_right_hockr2_iris_code.npy,C:\Studia\6 sem\biometria\projekt_2_koniec\rozpoznawanie-teczowki-biometria\results_mmu\kodowanie\11_right_hockr2_iris_mask.npy,2048,1.0,0.02454369260617026,ok
hockr3.bmp,11_right,C:\Studia\6 sem\biometria\projekt_2_koniec\rozpoznawanie-teczowki-biometria\results_mmu\kodowanie\11_right_hockr3_iris_code.npy,C:\Studia\6 sem\biometria\projekt_2_koniec\rozpoznawanie-teczowki-biometria\results_mmu\kodowanie\11_right_hockr3_iris_mask.npy,2048,1.0,0.02454369260617026,ok
hockr4.bmp,11_right,C:\Studia\6 sem\biometria\projekt_2_koniec\rozpoznawanie-teczowki-biometria\results_mmu\kodowanie\11_right_hockr4_iris_code.npy,C:\Studia\6 sem\biometria\projekt_2_koniec\rozpoznawanie-teczowki-biometria\results_mmu\kodowanie\11_right_hockr4_iris_mask.npy,2048,1.0,0.02454369260617026,ok
hockr5.bmp,11_right,C:\Studia\6 sem\biometria\projekt_2_koniec\rozpoznawanie-teczowki-biometria\results_mmu\kodowanie\11_right_hockr5_iris_code.npy,C:\Studia\6 sem\biometria\projekt_2_koniec\rozpoznawanie-teczowki-biometria\results_mmu\kodowanie\11_right_hockr5_iris_mask.npy,2048,1.0,0.02454369260617026,ok
kelvinl1.bmp,12_left,C:\Studia\6 sem\biometria\projekt_2_koniec\rozpoznawanie-teczowki-biometria\results_mmu\kodowanie\12_left_kelvinl1_iris_code.npy,C:\Studia\6 sem\biometria\projekt_2_koniec\rozpoznawanie-teczowki-biometria\results_mmu\kodowanie\12_left_kelvinl1_iris_mask.npy,2048,1.0,0.02454369260617026,ok
kelvinl2.bmp,12_left,C:\Studia\6 sem\biometria\projekt_2_koniec\rozpoznawanie-teczowki-biometria\results_mmu\kodowanie\12_left_kelvinl2_iris_code.npy,C:\Studia\6 sem\biometria\projekt_2_koniec\rozpoznawanie-teczowki-biometria\results_mmu\kodowanie\12_left_kelvinl2_iris_mask.npy,2048,1.0,0.02454369260617026,ok
kelvinl3.bmp,12_left,C:\Studia\6 sem\biometria\projekt_2_koniec\rozpoznawanie-teczowki-biometria\results_mmu\kodowanie\12_left_kelvinl3_iris_code.npy,C:\Studia\6 sem\biometria\projekt_2_koniec\rozpoznawanie-teczowki-biometria\results_mmu\kodowanie\12_left_kelvinl3_iris_mask.npy,2048,1.0,0.02454369260617026,ok
kelvinl4.bmp,12_left,C:\Studia\6 sem\biometria\projekt_2_koniec\rozpoznawanie-teczowki-biometria\results_mmu\kodowanie\12_left_kelvinl4_iris_code.npy,C:\Studia\6 sem\biometria\projekt_2_koniec\rozpoznawanie-teczowki-biometria\results_mmu\kodowanie\12_left_kelvinl4_iris_mask.npy,2048,1.0,0.02454369260617026,ok
kelvinl5.bmp,12_left,C:\Studia\6 sem\biometria\projekt_2_koniec\rozpoznawanie-teczowki-biometria\results_mmu\kodowanie\12_left_kelvinl5_iris_code.npy,C:\Studia\6 sem\biometria\projekt_2_koniec\rozpoznawanie-teczowki-biometria\results_mmu\kodowanie\12_left_kelvinl5_iris_mask.npy,2048,1.0,0.02454369260617026,ok
kelvinr1.bmp,12_right,C:\Studia\6 sem\biometria\projekt_2_koniec\rozpoznawanie-teczowki-biometria\results_mmu\kodowanie\12_right_kelvinr1_iris_code.npy,C:\Studia\6 sem\biometria\projekt_2_koniec\rozpoznawanie-teczowki-biometria\results_mmu\kodowanie\12_right_kelvinr1_iris_mask.npy,2048,1.0,0.02454369260617026,ok
kelvinr2.bmp,12_right,C:\Studia\6 sem\biometria\projekt_2_koniec\rozpoznawanie-teczowki-biometria\results_mmu\kodowanie\12_right_kelvinr2_iris_code.npy,C:\Studia\6 sem\biometria\projekt_2_koniec\rozpoznawanie-teczowki-biometria\results_mmu\kodowanie\12_right_kelvinr2_iris_mask.npy,2048,1.0,0.02454369260617026,ok
kelvinr3.bmp,12_right,C:\Studia\6 sem\biometria\projekt_2_koniec\rozpoznawanie-teczowki-biometria\results_mmu\kodowanie\12_right_kelvinr3_iris_code.npy,C:\Studia\6 sem\biometria\projekt_2_koniec\rozpoznawanie-teczowki-biometria\results_mmu\kodowanie\12_right_kelvinr3_iris_mask.npy,2048,1.0,0.02454369260617026,ok
kelvinr4.bmp,12_right,C:\Studia\6 sem\biometria\projekt_2_koniec\rozpoznawanie-teczowki-biometria\results_mmu\kodowanie\12_right_kelvinr4_iris_code.npy,C:\Studia\6 sem\biometria\projekt_2_koniec\rozpoznawanie-teczowki-biometria\results_mmu\kodowanie\12_right_kelvinr4_iris_mask.npy,2048,1.0,0.02454369260617026,ok
kelvinr5.bmp,12_right,C:\Studia\6 sem\biometria\projekt_2_koniec\rozpoznawanie-teczowki-biometria\results_mmu\kodowanie\12_right_kelvinr5_iris_code.npy,C:\Studia\6 sem\biometria\projekt_2_koniec\rozpoznawanie-teczowki-biometria\results_mmu\kodowanie\12_right_kelvinr5_iris_mask.npy,2048,1.0,0.02454369260617026,ok
lec_1.bmp,13_left,C:\Studia\6 sem\biometria\projekt_2_koniec\rozpoznawanie-teczowki-biometria\results_mmu\kodowanie\13_left_lec_1_iris_code.npy,C:\Studia\6 sem\biometria\projekt_2_koniec\rozpoznawanie-teczowki-biometria\results_mmu\kodowanie\13_left_lec_1_iris_mask.npy,2048,1.0,0.02454369260617026,ok
lecl2.bmp,13_left,C:\Studia\6 sem\biometria\projekt_2_koniec\rozpoznawanie-teczowki-biometria\results_mmu\kodowanie\13_left_lecl2_iris_code.npy,C:\Studia\6 sem\biometria\projekt_2_koniec\rozpoznawanie-teczowki-biometria\results_mmu\kodowanie\13_left_lecl2_iris_mask.npy,2048,1.0,0.02454369260617026,ok
lecl3.bmp,13_left,C:\Studia\6 sem\biometria\projekt_2_koniec\rozpoznawanie-teczowki-biometria\results_mmu\kodowanie\13_left_lecl3_iris_code.npy,C:\Studia\6 sem\biometria\projekt_2_koniec\rozpoznawanie-teczowki-biometria\results_mmu\kodowanie\13_left_lecl3_iris_mask.npy,2048,1.0,0.02454369260617026,ok
lecl4.bmp,13_left,C:\Studia\6 sem\biometria\projekt_2_koniec\rozpoznawanie-teczowki-biometria\results_mmu\kodowanie\13_left_lecl4_iris_code.npy,C:\Studia\6 sem\biometria\projekt_2_koniec\rozpoznawanie-teczowki-biometria\results_mmu\kodowanie\13_left_lecl4_iris_mask.npy,2048,1.0,0.02454369260617026,ok
lecl5.bmp,13_left,C:\Studia\6 sem\biometria\projekt_2_koniec\rozpoznawanie-teczowki-biometria\results_mmu\kodowanie\13_left_lecl5_iris_code.npy,C:\Studia\6 sem\biometria\projekt_2_koniec\rozpoznawanie-teczowki-biometria\results_mmu\kodowanie\13_left_lecl5_iris_mask.npy,2048,1.0,0.02454369260617026,ok
lecr1.bmp,13_right,C:\Studia\6 sem\biometria\projekt_2_koniec\rozpoznawanie-teczowki-biometria\results_mmu\kodowanie\13_right_lecr1_iris_code.npy,C:\Studia\6 sem\biometria\projekt_2_koniec\rozpoznawanie-teczowki-biometria\results_mmu\kodowanie\13_right_lecr1_iris_mask.npy,2048,1.0,0.02454369260617026,ok
lecr2.bmp,13_right,C:\Studia\6 sem\biometria\projekt_2_koniec\rozpoznawanie-teczowki-biometria\results_mmu\kodowanie\13_right_lecr2_iris_code.npy,C:\Studia\6 sem\biometria\projekt_2_koniec\rozpoznawanie-teczowki-biometria\results_mmu\kodowanie\13_right_lecr2_iris_mask.npy,2048,1.0,0.02454369260617026,ok
lecr3.bmp,13_right,C:\Studia\6 sem\biometria\projekt_2_koniec\rozpoznawanie-teczowki-biometria\results_mmu\kodowanie\13_right_lecr3_iris_code.npy,C:\Studia\6 sem\biometria\projekt_2_koniec\rozpoznawanie-teczowki-biometria\results_mmu\kodowanie\13_right_lecr3_iris_mask.npy,2048,1.0,0.02454369260617026,ok
lecr4.bmp,13_right,C:\Studia\6 sem\biometria\projekt_2_koniec\rozpoznawanie-teczowki-biometria\results_mmu\kodowanie\13_right_lecr4_iris_code.npy,C:\Studia\6 sem\biometria\projekt_2_koniec\rozpoznawanie-teczowki-biometria\results_mmu\kodowanie\13_right_lecr4_iris_mask.npy,2048,1.0,0.02454369260617026,ok
lecr5.bmp,13_right,C:\Studia\6 sem\biometria\projekt_2_koniec\rozpoznawanie-teczowki-biometria\results_mmu\kodowanie\13_right_lecr5_iris_code.npy,C:\Studia\6 sem\biometria\projekt_2_koniec\rozpoznawanie-teczowki-biometria\results_mmu\kodowanie\13_right_lecr5_iris_mask.npy,2048,1.0,0.02454369260617026,ok
liujwl1.bmp,14_left,C:\Studia\6 sem\biometria\projekt_2_koniec\rozpoznawanie-teczowki-biometria\results_mmu\kodowanie\14_left_liujwl1_iris_code.npy,C:\Studia\6 sem\biometria\projekt_2_koniec\rozpoznawanie-teczowki-biometria\results_mmu\kodowanie\14_left_liujwl1_iris_mask.npy,2048,1.0,0.02454369260617026,ok
liujwl2.bmp,14_left,C:\Studia\6 sem\biometria\projekt_2_koniec\rozpoznawanie-teczowki-biometria\results_mmu\kodowanie\14_left_liujwl2_iris_code.npy,C:\Studia\6 sem\biometria\projekt_2_koniec\rozpoznawanie-teczowki-biometria\results_mmu\kodowanie\14_left_liujwl2_iris_mask.npy,2048,1.0,0.02454369260617026,ok
liujwl3.bmp,14_left,C:\Studia\6 sem\biometria\projekt_2_koniec\rozpoznawanie-teczowki-biometria\results_mmu\kodowanie\14_left_liujwl3_iris_code.npy,C:\Studia\6 sem\biometria\projekt_2_koniec\rozpoznawanie-teczowki-biometria\results_mmu\kodowanie\14_left_liujwl3_iris_mask.npy,2048,1.0,0.02454369260617026,ok
liujwl4.bmp,14_left,C:\Studia\6 sem\biometria\projekt_2_koniec\rozpoznawanie-teczowki-biometria\results_mmu\kodowanie\14_left_liujwl4_iris_code.npy,C:\Studia\6 sem\biometria\projekt_2_koniec\rozpoznawanie-teczowki-biometria\results_mmu\kodowanie\14_left_liujwl4_iris_mask.npy,2048,1.0,0.02454369260617026,ok
liujwl5.bmp,14_left,C:\Studia\6 sem\biometria\projekt_2_koniec\rozpoznawanie-teczowki-biometria\results_mmu\kodowanie\14_left_liujwl5_iris_code.npy,C:\Studia\6 sem\biometria\projekt_2_koniec\rozpoznawanie-teczowki-biometria\results_mmu\kodowanie\14_left_liujwl5_iris_mask.npy,2048,1.0,0.02454369260617026,ok
liujwr1.bmp,14_right,C:\Studia\6 sem\biometria\projekt_2_koniec\rozpoznawanie-teczowki-biometria\results_mmu\kodowanie\14_right_liujwr1_iris_code.npy,C:\Studia\6 sem\biometria\projekt_2_koniec\rozpoznawanie-teczowki-biometria\results_mmu\kodowanie\14_right_liujwr1_iris_mask.npy,2048,1.0,0.02454369260617026,ok
liujwr2.bmp,14_right,C:\Studia\6 sem\biometria\projekt_2_koniec\rozpoznawanie-teczowki-biometria\results_mmu\kodowanie\14_right_liujwr2_iris_code.npy,C:\Studia\6 sem\biometria\projekt_2_koniec\rozpoznawanie-teczowki-biometria\results_mmu\kodowanie\14_right_liujwr2_iris_mask.npy,2048,1.0,0.02454369260617026,ok
liujwr3.bmp,14_right,C:\Studia\6 sem\biometria\projekt_2_koniec\rozpoznawanie-teczowki-biometria\results_mmu\kodowanie\14_right_liujwr3_iris_code.npy,C:\Studia\6 sem\biometria\projekt_2_koniec\rozpoznawanie-teczowki-biometria\results_mmu\kodowanie\14_right_liujwr3_iris_mask.npy,2048,1.0,0.02454369260617026,ok
liujwr4.bmp,14_right,C:\Studia\6 sem\biometria\projekt_2_koniec\rozpoznawanie-teczowki-biometria\results_mmu\kodowanie\14_right_liujwr4_iris_code.npy,C:\Studia\6 sem\biometria\projekt_2_koniec\rozpoznawanie-teczowki-biometria\results_mmu\kodowanie\14_right_liujwr4_iris_mask.npy,2048,1.0,0.02454369260617026,ok
liujwr5.bmp,14_right,C:\Studia\6 sem\biometria\projekt_2_koniec\rozpoznawanie-teczowki-biometria\results_mmu\kodowanie\14_right_liujwr5_iris_code.npy,C:\Studia\6 sem\biometria\projekt_2_koniec\rozpoznawanie-teczowki-biometria\results_mmu\kodowanie\14_right_liujwr5_iris_mask.npy,2048,1.0,0.02454369260617026,ok
lokel1.bmp,15_left,C:\Studia\6 sem\biometria\projekt_2_koniec\rozpoznawanie-teczowki-biometria\results_mmu\kodowanie\15_left_lokel1_iris_code.npy,C:\Studia\6 sem\biometria\projekt_2_koniec\rozpoznawanie-teczowki-biometria\results_mmu\kodowanie\15_left_lokel1_iris_mask.npy,2048,1.0,0.02454369260617026,ok
lokel2.bmp,15_left,C:\Studia\6 sem\biometria\projekt_2_koniec\rozpoznawanie-teczowki-biometria\results_mmu\kodowanie\15_left_lokel2_iris_code.npy,C:\Studia\6 sem\biometria\projekt_2_koniec\rozpoznawanie-teczowki-biometria\results_mmu\kodowanie\15_left_lokel2_iris_mask.npy,2048,1.0,0.02454369260617026,ok
lokel3.bmp,15_left,C:\Studia\6 sem\biometria\projekt_2_koniec\rozpoznawanie-teczowki-biometria\results_mmu\kodowanie\15_left_lokel3_iris_code.npy,C:\Studia\6 sem\biometria\projekt_2_koniec\rozpoznawanie-teczowki-biometria\results_mmu\kodowanie\15_left_lokel3_iris_mask.npy,2048,1.0,0.02454369260617026,ok
lokel4.bmp,15_left,C:\Studia\6 sem\biometria\projekt_2_koniec\rozpoznawanie-teczowki-biometria\results_mmu\kodowanie\15_left_lokel4_iris_code.npy,C:\Studia\6 sem\biometria\projekt_2_koniec\rozpoznawanie-teczowki-biometria\results_mmu\kodowanie\15_left_lokel4_iris_mask.npy,2048,1.0,0.02454369260617026,ok
lokel5.bmp,15_left,C:\Studia\6 sem\biometria\projekt_2_koniec\rozpoznawanie-teczowki-biometria\results_mmu\kodowanie\15_left_lokel5_iris_code.npy,C:\Studia\6 sem\biometria\projekt_2_koniec\rozpoznawanie-teczowki-biometria\results_mmu\kodowanie\15_left_lokel5_iris_mask.npy,2048,1.0,0.02454369260617026,ok
loker1.bmp,15_right,C:\Studia\6 sem\biometria\projekt_2_koniec\rozpoznawanie-teczowki-biometria\results_mmu\kodowanie\15_right_loker1_iris_code.npy,C:\Studia\6 sem\biometria\projekt_2_koniec\rozpoznawanie-teczowki-biometria\results_mmu\kodowanie\15_right_loker1_iris_mask.npy,2048,1.0,0.02454369260617026,ok
loker2.bmp,15_right,C:\Studia\6 sem\biometria\projekt_2_koniec\rozpoznawanie-teczowki-biometria\results_mmu\kodowanie\15_right_loker2_iris_code.npy,C:\Studia\6 sem\biometria\projekt_2_koniec\rozpoznawanie-teczowki-biometria\results_mmu\kodowanie\15_right_loker2_iris_mask.npy,2048,1.0,0.02454369260617026,ok
loker3.bmp,15_right,C:\Studia\6 sem\biometria\projekt_2_koniec\rozpoznawanie-teczowki-biometria\results_mmu\kodowanie\15_right_loker3_iris_code.npy,C:\Studia\6 sem\biometria\projekt_2_koniec\rozpoznawanie-teczowki-biometria\results_mmu\kodowanie\15_right_loker3_iris_mask.npy,2048,1.0,0.02454369260617026,ok
loker4.bmp,15_right,C:\Studia\6 sem\biometria\projekt_2_koniec\rozpoznawanie-teczowki-biometria\results_mmu\kodowanie\15_right_loker4_iris_code.npy,C:\Studia\6 sem\biometria\projekt_2_koniec\rozpoznawanie-teczowki-biometria\results_mmu\kodowanie\15_right_loker4_iris_mask.npy,2048,1.0,0.02454369260617026,ok
loker5.bmp,15_right,C:\Studia\6 sem\biometria\projekt_2_koniec\rozpoznawanie-teczowki-biometria\results_mmu\kodowanie\15_right_loker5_iris_code.npy,C:\Studia\6 sem\biometria\projekt_2_koniec\rozpoznawanie-teczowki-biometria\results_mmu\kodowanie\15_right_loker5_iris_mask.npy,2048,1.0,0.02454369260617026,ok
lowyfl1.bmp,16_left,C:\Studia\6 sem\biometria\projekt_2_koniec\rozpoznawanie-teczowki-biometria\results_mmu\kodowanie\16_left_lowyfl1_iris_code.npy,C:\Studia\6 sem\biometria\projekt_2_koniec\rozpoznawanie-teczowki-biometria\results_mmu\kodowanie\16_left_lowyfl1_iris_mask.npy,2048,1.0,0.02454369260617026,ok
lowyfl2.bmp,16_left,C:\Studia\6 sem\biometria\projekt_2_koniec\rozpoznawanie-teczowki-biometria\results_mmu\kodowanie\16_left_lowyfl2_iris_code.npy,C:\Studia\6 sem\biometria\projekt_2_koniec\rozpoznawanie-teczowki-biometria\results_mmu\kodowanie\16_left_lowyfl2_iris_mask.npy,2048,1.0,0.02454369260617026,ok
lowyfl3.bmp,16_left,C:\Studia\6 sem\biometria\projekt_2_koniec\rozpoznawanie-teczowki-biometria\results_mmu\kodowanie\16_left_lowyfl3_iris_code.npy,C:\Studia\6 sem\biometria\projekt_2_koniec\rozpoznawanie-teczowki-biometria\results_mmu\kodowanie\16_left_lowyfl3_iris_mask.npy,2048,1.0,0.02454369260617026,ok
lowyfl4.bmp,16_left,C:\Studia\6 sem\biometria\projekt_2_koniec\rozpoznawanie-teczowki-biometria\results_mmu\kodowanie\16_left_lowyfl4_iris_code.npy,C:\Studia\6 sem\biometria\projekt_2_koniec\rozpoznawanie-teczowki-biometria\results_mmu\kodowanie\16_left_lowyfl4_iris_mask.npy,2048,1.0,0.02454369260617026,ok
lowyfl5.bmp,16_left,C:\Studia\6 sem\biometria\projekt_2_koniec\rozpoznawanie-teczowki-biometria\results_mmu\kodowanie\16_left_lowyfl5_iris_code.npy,C:\Studia\6 sem\biometria\projekt_2_koniec\rozpoznawanie-teczowki-biometria\results_mmu\kodowanie\16_left_lowyfl5_iris_mask.npy,2048,1.0,0.02454369260617026,ok
lowyfr1.bmp,16_right,C:\Studia\6 sem\biometria\projekt_2_koniec\rozpoznawanie-teczowki-biometria\results_mmu\kodowanie\16_right_lowyfr1_iris_code.npy,C:\Studia\6 sem\biometria\projekt_2_koniec\rozpoznawanie-teczowki-biometria\results_mmu\kodowanie\16_right_lowyfr1_iris_mask.npy,2048,1.0,0.02454369260617026,ok
lowyfr2.bmp,16_right,C:\Studia\6 sem\biometria\projekt_2_koniec\rozpoznawanie-teczowki-biometria\results_mmu\kodowanie\16_right_lowyfr2_iris_code.npy,C:\Studia\6 sem\biometria\projekt_2_koniec\rozpoznawanie-teczowki-biometria\results_mmu\kodowanie\16_right_lowyfr2_iris_mask.npy,2048,1.0,0.02454369260617026,ok
lowyfr3.bmp,16_right,C:\Studia\6 sem\biometria\projekt_2_koniec\rozpoznawanie-teczowki-biometria\results_mmu\kodowanie\16_right_lowyfr3_iris_code.npy,C:\Studia\6 sem\biometria\projekt_2_koniec\rozpoznawanie-teczowki-biometria\results_mmu\kodowanie\16_right_lowyfr3_iris_mask.npy,2048,1.0,0.02454369260617026,ok
lowyfr4.bmp,16_right,C:\Studia\6 sem\biometria\projekt_2_koniec\rozpoznawanie-teczowki-biometria\results_mmu\kodowanie\16_right_lowyfr4_iris_code.npy,C:\Studia\6 sem\biometria\projekt_2_koniec\rozpoznawanie-teczowki-biometria\results_mmu\kodowanie\16_right_lowyfr4_iris_mask.npy,2048,1.0,0.02454369260617026,ok
lowyfr5.bmp,16_right,C:\Studia\6 sem\biometria\projekt_2_koniec\rozpoznawanie-teczowki-biometria\results_mmu\kodowanie\16_right_lowyfr5_iris_code.npy,C:\Studia\6 sem\biometria\projekt_2_koniec\rozpoznawanie-teczowki-biometria\results_mmu\kodowanie\16_right_lowyfr5_iris_mask.npy,2048,1.0,0.02454369260617026,ok
lpjl1.bmp,17_left,C:\Studia\6 sem\biometria\projekt_2_koniec\rozpoznawanie-teczowki-biometria\results_mmu\kodowanie\17_left_lpjl1_iris_code.npy,C:\Studia\6 sem\biometria\projekt_2_koniec\rozpoznawanie-teczowki-biometria\results_mmu\kodowanie\17_left_lpjl1_iris_mask.npy,2048,1.0,0.02454369260617026,ok
lpjl2.bmp,17_left,C:\Studia\6 sem\biometria\projekt_2_koniec\rozpoznawanie-teczowki-biometria\results_mmu\kodowanie\17_left_lpjl2_iris_code.npy,C:\Studia\6 sem\biometria\projekt_2_koniec\rozpoznawanie-teczowki-biometria\results_mmu\kodowanie\17_left_lpjl2_iris_mask.npy,2048,1.0,0.02454369260617026,ok
lpjl3.bmp,17_left,C:\Studia\6 sem\biometria\projekt_2_koniec\rozpoznawanie-teczowki-biometria\results_mmu\kodowanie\17_left_lpjl3_iris_code.npy,C:\Studia\6 sem\biometria\projekt_2_koniec\rozpoznawanie-teczowki-biometria\results_mmu\kodowanie\17_left_lpjl3_iris_mask.npy,2048,1.0,0.02454369260617026,ok
lpjl4.bmp,17_left,C:\Studia\6 sem\biometria\projekt_2_koniec\rozpoznawanie-teczowki-biometria\results_mmu\kodowanie\17_left_lpjl4_iris_code.npy,C:\Studia\6 sem\biometria\projekt_2_koniec\rozpoznawanie-teczowki-biometria\results_mmu\kodowanie\17_left_lpjl4_iris_mask.npy,2048,1.0,0.02454369260617026,ok
lpjl5.bmp,17_left,C:\Studia\6 sem\biometria\projekt_2_koniec\rozpoznawanie-teczowki-biometria\results_mmu\kodowanie\17_left_lpjl5_iris_code.npy,C:\Studia\6 sem\biometria\projekt_2_koniec\rozpoznawanie-teczowki-biometria\results_mmu\kodowanie\17_left_lpjl5_iris_mask.npy,2048,1.0,0.02454369260617026,ok
lpjr1.bmp,17_right,C:\Studia\6 sem\biometria\projekt_2_koniec\rozpoznawanie-teczowki-biometria\results_mmu\kodowanie\17_right_lpjr1_iris_code.npy,C:\Studia\6 sem\biometria\projekt_2_koniec\rozpoznawanie-teczowki-biometria\results_mmu\kodowanie\17_right_lpjr1_iris_mask.npy,2048,1.0,0.02454369260617026,ok
lpjr2.bmp,17_right,C:\Studia\6 sem\biometria\projekt_2_koniec\rozpoznawanie-teczowki-biometria\results_mmu\kodowanie\17_right_lpjr2_iris_code.npy,C:\Studia\6 sem\biometria\projekt_2_koniec\rozpoznawanie-teczowki-biometria\results_mmu\kodowanie\17_right_lpjr2_iris_mask.npy,2048,1.0,0.02454369260617026,ok
lpjr3.bmp,17_right,C:\Studia\6 sem\biometria\projekt_2_koniec\rozpoznawanie-teczowki-biometria\results_mmu\kodowanie\17_right_lpjr3_iris_code.npy,C:\Studia\6 sem\biometria\projekt_2_koniec\rozpoznawanie-teczowki-biometria\results_mmu\kodowanie\17_right_lpjr3_iris_mask.npy,2048,1.0,0.02454369260617026,ok
lpjr4.bmp,17_right,C:\Studia\6 sem\biometria\projekt_2_koniec\rozpoznawanie-teczowki-biometria\results_mmu\kodowanie\17_right_lpjr4_iris_code.npy,C:\Studia\6 sem\biometria\projekt_2_koniec\rozpoznawanie-teczowki-biometria\results_mmu\kodowanie\17_right_lpjr4_iris_mask.npy,2048,1.0,0.02454369260617026,ok
lpjr5.bmp,17_right,C:\Studia\6 sem\biometria\projekt_2_koniec\rozpoznawanie-teczowki-biometria\results_mmu\kodowanie\17_right_lpjr5_iris_code.npy,C:\Studia\6 sem\biometria\projekt_2_koniec\rozpoznawanie-teczowki-biometria\results_mmu\kodowanie\17_right_lpjr5_iris_mask.npy,2048,1.0,0.02454369260617026,ok
mahskl1.bmp,18_left,C:\Studia\6 sem\biometria\projekt_2_koniec\rozpoznawanie-teczowki-biometria\results_mmu\kodowanie\18_left_mahskl1_iris_code.npy,C:\Studia\6 sem\biometria\projekt_2_koniec\rozpoznawanie-teczowki-biometria\results_mmu\kodowanie\18_left_mahskl1_iris_mask.npy,2048,1.0,0.02454369260617026,ok
mahskl2.bmp,18_left,C:\Studia\6 sem\biometria\projekt_2_koniec\rozpoznawanie-teczowki-biometria\results_mmu\kodowanie\18_left_mahskl2_iris_code.npy,C:\Studia\6 sem\biometria\projekt_2_koniec\rozpoznawanie-teczowki-biometria\results_mmu\kodowanie\18_left_mahskl2_iris_mask.npy,2048,1.0,0.02454369260617026,ok
mahskl3.bmp,18_left,C:\Studia\6 sem\biometria\projekt_2_koniec\rozpoznawanie-teczowki-biometria\results_mmu\kodowanie\18_left_mahskl3_iris_code.npy,C:\Studia\6 sem\biometria\projekt_2_koniec\rozpoznawanie-teczowki-biometria\results_mmu\kodowanie\18_left_mahskl3_iris_mask.npy,2048,1.0,0.02454369260617026,ok
mahskl4.bmp,18_left,C:\Studia\6 sem\biometria\projekt_2_koniec\rozpoznawanie-teczowki-biometria\results_mmu\kodowanie\18_left_mahskl4_iris_code.npy,C:\Studia\6 sem\biometria\projekt_2_koniec\rozpoznawanie-teczowki-biometria\results_mmu\kodowanie\18_left_mahskl4_iris_mask.npy,2048,1.0,0.02454369260617026,ok
mahskl5.bmp,18_left,C:\Studia\6 sem\biometria\projekt_2_koniec\rozpoznawanie-teczowki-biometria\results_mmu\kodowanie\18_left_mahskl5_iris_code.npy,C:\Studia\6 sem\biometria\projekt_2_koniec\rozpoznawanie-teczowki-biometria\results_mmu\kodowanie\18_left_mahskl5_iris_mask.npy,2048,1.0,0.02454369260617026,ok
mahskr1.bmp,18_right,C:\Studia\6 sem\biometria\projekt_2_koniec\rozpoznawanie-teczowki-biometria\results_mmu\kodowanie\18_right_mahskr1_iris_code.npy,C:\Studia\6 sem\biometria\projekt_2_koniec\rozpoznawanie-teczowki-biometria\results_mmu\kodowanie\18_right_mahskr1_iris_mask.npy,2048,1.0,0.02454369260617026,ok
mahskr2.bmp,18_right,C:\Studia\6 sem\biometria\projekt_2_koniec\rozpoznawanie-teczowki-biometria\results_mmu\kodowanie\18_right_mahskr2_iris_code.npy,C:\Studia\6 sem\biometria\projekt_2_koniec\rozpoznawanie-teczowki-biometria\results_mmu\kodowanie\18_right_mahskr2_iris_mask.npy,2048,1.0,0.02454369260617026,ok
mahskr3.bmp,18_right,C:\Studia\6 sem\biometria\projekt_2_koniec\rozpoznawanie-teczowki-biometria\results_mmu\kodowanie\18_right_mahskr3_iris_code.npy,C:\Studia\6 sem\biometria\projekt_2_koniec\rozpoznawanie-teczowki-biometria\results_mmu\kodowanie\18_right_mahskr3_iris_mask.npy,2048,1.0,0.02454369260617026,ok
mahskr4.bmp,18_right,C:\Studia\6 sem\biometria\projekt_2_koniec\rozpoznawanie-teczowki-biometria\results_mmu\kodowanie\18_right_mahskr4_iris_code.npy,C:\Studia\6 sem\biometria\projekt_2_koniec\rozpoznawanie-teczowki-biometria\results_mmu\kodowanie\18_right_mahskr4_iris_mask.npy,2048,1.0,0.02454369260617026,ok
mahskr5.bmp,18_right,C:\Studia\6 sem\biometria\projekt_2_koniec\rozpoznawanie-teczowki-biometria\results_mmu\kodowanie\18_right_mahskr5_iris_code.npy,C:\Studia\6 sem\biometria\projekt_2_koniec\rozpoznawanie-teczowki-biometria\results_mmu\kodowanie\18_right_mahskr5_iris_mask.npy,2048,1.0,0.02454369260617026,ok
maranl1.bmp,19_left,C:\Studia\6 sem\biometria\projekt_2_koniec\rozpoznawanie-teczowki-biometria\results_mmu\kodowanie\19_left_maranl1_iris_code.npy,C:\Studia\6 sem\biometria\projekt_2_koniec\rozpoznawanie-teczowki-biometria\results_mmu\kodowanie\19_left_maranl1_iris_mask.npy,2048,1.0,0.02454369260617026,ok
maranl2.bmp,19_left,C:\Studia\6 sem\biometria\projekt_2_koniec\rozpoznawanie-teczowki-biometria\results_mmu\kodowanie\19_left_maranl2_iris_code.npy,C:\Studia\6 sem\biometria\projekt_2_koniec\rozpoznawanie-teczowki-biometria\results_mmu\kodowanie\19_left_maranl2_iris_mask.npy,2048,1.0,0.02454369260617026,ok
maranl3.bmp,19_left,C:\Studia\6 sem\biometria\projekt_2_koniec\rozpoznawanie-teczowki-biometria\results_mmu\kodowanie\19_left_maranl3_iris_code.npy,C:\Studia\6 sem\biometria\projekt_2_koniec\rozpoznawanie-teczowki-biometria\results_mmu\kodowanie\19_left_maranl3_iris_mask.npy,2048,1.0,0.02454369260617026,ok
maranl4.bmp,19_left,C:\Studia\6 sem\biometria\projekt_2_koniec\rozpoznawanie-teczowki-biometria\results_mmu\kodowanie\19_left_maranl4_iris_code.npy,C:\Studia\6 sem\biometria\projekt_2_koniec\rozpoznawanie-teczowki-biometria\results_mmu\kodowanie\19_left_maranl4_iris_mask.npy,2048,1.0,0.02454369260617026,ok
maranl5.bmp,19_left,C:\Studia\6 sem\biometria\projekt_2_koniec\rozpoznawanie-teczowki-biometria\results_mmu\kodowanie\19_left_maranl5_iris_code.npy,C:\Studia\6 sem\biometria\projekt_2_koniec\rozpoznawanie-teczowki-biometria\results_mmu\kodowanie\19_left_maranl5_iris_mask.npy,2048,1.0,0.02454369260617026,ok
maranr1.bmp,19_right,C:\Studia\6 sem\biometria\projekt_2_koniec\rozpoznawanie-teczowki-biometria\results_mmu\kodowanie\19_right_maranr1_iris_code.npy,C:\Studia\6 sem\biometria\projekt_2_koniec\rozpoznawanie-teczowki-biometria\results_mmu\kodowanie\19_right_maranr1_iris_mask.npy,2048,1.0,0.02454369260617026,ok
maranr2.bmp,19_right,C:\Studia\6 sem\biometria\projekt_2_koniec\rozpoznawanie-teczowki-biometria\results_mmu\kodowanie\19_right_maranr2_iris_code.npy,C:\Studia\6 sem\biometria\projekt_2_koniec\rozpoznawanie-teczowki-biometria\results_mmu\kodowanie\19_right_maranr2_iris_mask.npy,2048,1.0,0.02454369260617026,ok
maranr3.bmp,19_right,C:\Studia\6 sem\biometria\projekt_2_koniec\rozpoznawanie-teczowki-biometria\results_mmu\kodowanie\19_right_maranr3_iris_code.npy,C:\Studia\6 sem\biometria\projekt_2_koniec\rozpoznawanie-teczowki-biometria\results_mmu\kodowanie\19_right_maranr3_iris_mask.npy,2048,1.0,0.02454369260617026,ok
maranr4.bmp,19_right,C:\Studia\6 sem\biometria\projekt_2_koniec\rozpoznawanie-teczowki-biometria\results_mmu\kodowanie\19_right_maranr4_iris_code.npy,C:\Studia\6 sem\biometria\projekt_2_koniec\rozpoznawanie-teczowki-biometria\results_mmu\kodowanie\19_right_maranr4_iris_mask.npy,2048,1.0,0.02454369260617026,ok
maranr5.bmp,19_right,C:\Studia\6 sem\biometria\projekt_2_koniec\rozpoznawanie-teczowki-biometria\results_mmu\kodowanie\19_right_maranr5_iris_code.npy,C:\Studia\6 sem\biometria\projekt_2_koniec\rozpoznawanie-teczowki-biometria\results_mmu\kodowanie\19_right_maranr5_iris_mask.npy,2048,1.0,0.02454369260617026,ok
bryanl1.bmp,2_left,C:\Studia\6 sem\biometria\projekt_2_koniec\rozpoznawanie-teczowki-biometria\results_mmu\kodowanie\2_left_bryanl1_iris_code.npy,C:\Studia\6 sem\biometria\projekt_2_koniec\rozpoznawanie-teczowki-biometria\results_mmu\kodowanie\2_left_bryanl1_iris_mask.npy,2048,1.0,0.02454369260617026,ok
bryanl2.bmp,2_left,C:\Studia\6 sem\biometria\projekt_2_koniec\rozpoznawanie-teczowki-biometria\results_mmu\kodowanie\2_left_bryanl2_iris_code.npy,C:\Studia\6 sem\biometria\projekt_2_koniec\rozpoznawanie-teczowki-biometria\results_mmu\kodowanie\2_left_bryanl2_iris_mask.npy,2048,1.0,0.02454369260617026,ok
bryanl3.bmp,2_left,C:\Studia\6 sem\biometria\projekt_2_koniec\rozpoznawanie-teczowki-biometria\results_mmu\kodowanie\2_left_bryanl3_iris_code.npy,C:\Studia\6 sem\biometria\projekt_2_koniec\rozpoznawanie-teczowki-biometria\results_mmu\kodowanie\2_left_bryanl3_iris_mask.npy,2048,1.0,0.02454369260617026,ok
bryanl4.bmp,2_left,C:\Studia\6 sem\biometria\projekt_2_koniec\rozpoznawanie-teczowki-biometria\results_mmu\kodowanie\2_left_bryanl4_iris_code.npy,C:\Studia\6 sem\biometria\projekt_2_koniec\rozpoznawanie-teczowki-biometria\results_mmu\kodowanie\2_left_bryanl4_iris_mask.npy,2048,1.0,0.02454369260617026,ok
bryanl5.bmp,2_left,C:\Studia\6 sem\biometria\projekt_2_koniec\rozpoznawanie-teczowki-biometria\results_mmu\kodowanie\2_left_bryanl5_iris_code.npy,C:\Studia\6 sem\biometria\projekt_2_koniec\rozpoznawanie-teczowki-biometria\results_mmu\kodowanie\2_left_bryanl5_iris_mask.npy,2048,1.0,0.02454369260617026,ok
bryanr1.bmp,2_right,C:\Studia\6 sem\biometria\projekt_2_koniec\rozpoznawanie-teczowki-biometria\results_mmu\kodowanie\2_right_bryanr1_iris_code.npy,C:\Studia\6 sem\biometria\projekt_2_koniec\rozpoznawanie-teczowki-biometria\results_mmu\kodowanie\2_right_bryanr1_iris_mask.npy,2048,1.0,0.02454369260617026,ok
bryanr2.bmp,2_right,C:\Studia\6 sem\biometria\projekt_2_koniec\rozpoznawanie-teczowki-biometria\results_mmu\kodowanie\2_right_bryanr2_iris_code.npy,C:\Studia\6 sem\biometria\projekt_2_koniec\rozpoznawanie-teczowki-biometria\results_mmu\kodowanie\2_right_bryanr2_iris_mask.npy,2048,1.0,0.02454369260617026,ok
bryanr3.bmp,2_right,C:\Studia\6 sem\biometria\projekt_2_koniec\rozpoznawanie-teczowki-biometria\results_mmu\kodowanie\2_right_bryanr3_iris_code.npy,C:\Studia\6 sem\biometria\projekt_2_koniec\rozpoznawanie-teczowki-biometria\results_mmu\kodowanie\2_right_bryanr3_iris_mask.npy,2048,1.0,0.02454369260617026,ok
bryanr4.bmp,2_right,C:\Studia\6 sem\biometria\projekt_2_koniec\rozpoznawanie-teczowki-biometria\results_mmu\kodowanie\2_right_bryanr4_iris_code.npy,C:\Studia\6 sem\biometria\projekt_2_koniec\rozpoznawanie-teczowki-biometria\results_mmu\kodowanie\2_right_bryanr4_iris_mask.npy,2048,1.0,0.02454369260617026,ok
bryanr5.bmp,2_right,C:\Studia\6 sem\biometria\projekt_2_koniec\rozpoznawanie-teczowki-biometria\results_mmu\kodowanie\2_right_bryanr5_iris_code.npy,C:\Studia\6 sem\biometria\projekt_2_koniec\rozpoznawanie-teczowki-biometria\results_mmu\kodowanie\2_right_bryanr5_iris_mask.npy,2048,1.0,0.02454369260617026,ok
masl1.bmp,20_left,C:\Studia\6 sem\biometria\projekt_2_koniec\rozpoznawanie-teczowki-biometria\results_mmu\kodowanie\20_left_masl1_iris_code.npy,C:\Studia\6 sem\biometria\projekt_2_koniec\rozpoznawanie-teczowki-biometria\results_mmu\kodowanie\20_left_masl1_iris_mask.npy,2048,1.0,0.02454369260617026,ok
masl2.bmp,20_left,C:\Studia\6 sem\biometria\projekt_2_koniec\rozpoznawanie-teczowki-biometria\results_mmu\kodowanie\20_left_masl2_iris_code.npy,C:\Studia\6 sem\biometria\projekt_2_koniec\rozpoznawanie-teczowki-biometria\results_mmu\kodowanie\20_left_masl2_iris_mask.npy,2048,1.0,0.02454369260617026,ok
masl3.bmp,20_left,C:\Studia\6 sem\biometria\projekt_2_koniec\rozpoznawanie-teczowki-biometria\results_mmu\kodowanie\20_left_masl3_iris_code.npy,C:\Studia\6 sem\biometria\projekt_2_koniec\rozpoznawanie-teczowki-biometria\results_mmu\kodowanie\20_left_masl3_iris_mask.npy,2048,1.0,0.02454369260617026,ok
masl4.bmp,20_left,C:\Studia\6 sem\biometria\projekt_2_koniec\rozpoznawanie-teczowki-biometria\results_mmu\kodowanie\20_left_masl4_iris_code.npy,C:\Studia\6 sem\biometria\projekt_2_koniec\rozpoznawanie-teczowki-biometria\results_mmu\kodowanie\20_left_masl4_iris_mask.npy,2048,1.0,0.02454369260617026,ok
masl5.bmp,20_left,C:\Studia\6 sem\biometria\projekt_2_koniec\rozpoznawanie-teczowki-biometria\results_mmu\kodowanie\20_left_masl5_iris_code.npy,C:\Studia\6 sem\biometria\projekt_2_koniec\rozpoznawanie-teczowki-biometria\results_mmu\kodowanie\20_left_masl5_iris_mask.npy,2048,1.0,0.02454369260617026,ok
masr1.bmp,20_right,C:\Studia\6 sem\biometria\projekt_2_koniec\rozpoznawanie-teczowki-biometria\results_mmu\kodowanie\20_right_masr1_iris_code.npy,C:\Studia\6 sem\biometria\projekt_2_koniec\rozpoznawanie-teczowki-biometria\results_mmu\kodowanie\20_right_masr1_iris_mask.npy,2048,1.0,0.02454369260617026,ok
masr2.bmp,20_right,C:\Studia\6 sem\biometria\projekt_2_koniec\rozpoznawanie-teczowki-biometria\results_mmu\kodowanie\20_right_masr2_iris_code.npy,C:\Studia\6 sem\biometria\projekt_2_koniec\rozpoznawanie-teczowki-biometria\results_mmu\kodowanie\20_right_masr2_iris_mask.npy,2048,1.0,0.02454369260617026,ok
masr3.bmp,20_right,C:\Studia\6 sem\biometria\projekt_2_koniec\rozpoznawanie-teczowki-biometria\results_mmu\kodowanie\20_right_masr3_iris_code.npy,C:\Studia\6 sem\biometria\projekt_2_koniec\rozpoznawanie-teczowki-biometria\results_mmu\kodowanie\20_right_masr3_iris_mask.npy,2048,1.0,0.02454369260617026,ok
masr4.bmp,20_right,C:\Studia\6 sem\biometria\projekt_2_koniec\rozpoznawanie-teczowki-biometria\results_mmu\kodowanie\20_right_masr4_iris_code.npy,C:\Studia\6 sem\biometria\projekt_2_koniec\rozpoznawanie-teczowki-biometria\results_mmu\kodowanie\20_right_masr4_iris_mask.npy,2048,1.0,0.02454369260617026,ok
masr5.bmp,20_right,C:\Studia\6 sem\biometria\projekt_2_koniec\rozpoznawanie-teczowki-biometria\results_mmu\kodowanie\20_right_masr5_iris_code.npy,C:\Studia\6 sem\biometria\projekt_2_koniec\rozpoznawanie-teczowki-biometria\results_mmu\kodowanie\20_right_masr5_iris_mask.npy,2048,1.0,0.02454369260617026,ok
mazwanl1.bmp,21_left,C:\Studia\6 sem\biometria\projekt_2_koniec\rozpoznawanie-teczowki-biometria\results_mmu\kodowanie\21_left_mazwanl1_iris_code.npy,C:\Studia\6 sem\biometria\projekt_2_koniec\rozpoznawanie-teczowki-biometria\results_mmu\kodowanie\21_left_mazwanl1_iris_mask.npy,2048,1.0,0.02454369260617026,ok
mazwanl2.bmp,21_left,C:\Studia\6 sem\biometria\projekt_2_koniec\rozpoznawanie-teczowki-biometria\results_mmu\kodowanie\21_left_mazwanl2_iris_code.npy,C:\Studia\6 sem\biometria\projekt_2_koniec\rozpoznawanie-teczowki-biometria\results_mmu\kodowanie\21_left_mazwanl2_iris_mask.npy,2048,1.0,0.02454369260617026,ok
mazwanl3.bmp,21_left,C:\Studia\6 sem\biometria\projekt_2_koniec\rozpoznawanie-teczowki-biometria\results_mmu\kodowanie\21_left_mazwanl3_iris_code.npy,C:\Studia\6 sem\biometria\projekt_2_koniec\rozpoznawanie-teczowki-biometria\results_mmu\kodowanie\21_left_mazwanl3_iris_mask.npy,2048,1.0,0.02454369260617026,ok
mazwanl4.bmp,21_left,C:\Studia\6 sem\biometria\projekt_2_koniec\rozpoznawanie-teczowki-biometria\results_mmu\kodowanie\21_left_mazwanl4_iris_code.npy,C:\Studia\6 sem\biometria\projekt_2_koniec\rozpoznawanie-teczowki-biometria\results_mmu\kodowanie\21_left_mazwanl4_iris_mask.npy,2048,1.0,0.02454369260617026,ok
mazwanl5.bmp,21_left,C:\Studia\6 sem\biometria\projekt_2_koniec\rozpoznawanie-teczowki-biometria\results_mmu\kodowanie\21_left_mazwanl5_iris_code.npy,C:\Studia\6 sem\biometria\projekt_2_koniec\rozpoznawanie-teczowki-biometria\results_mmu\kodowanie\21_left_mazwanl5_iris_mask.npy,2048,1.0,0.02454369260617026,ok
mazwanr1.bmp,21_right,C:\Studia\6 sem\biometria\projekt_2_koniec\rozpoznawanie-teczowki-biometria\results_mmu\kodowanie\21_right_mazwanr1_iris_code.npy,C:\Studia\6 sem\biometria\projekt_2_koniec\rozpoznawanie-teczowki-biometria\results_mmu\kodowanie\21_right_mazwanr1_iris_mask.npy,2048,1.0,0.02454369260617026,ok
mazwanr2.bmp,21_right,C:\Studia\6 sem\biometria\projekt_2_koniec\rozpoznawanie-teczowki-biometria\results_mmu\kodowanie\21_right_mazwanr2_iris_code.npy,C:\Studia\6 sem\biometria\projekt_2_koniec\rozpoznawanie-teczowki-biometria\results_mmu\kodowanie\21_right_mazwanr2_iris_mask.npy,2048,1.0,0.02454369260617026,ok
mazwanr3.bmp,21_right,C:\Studia\6 sem\biometria\projekt_2_koniec\rozpoznawanie-teczowki-biometria\results_mmu\kodowanie\21_right_mazwanr3_iris_code.npy,C:\Studia\6 sem\biometria\projekt_2_koniec\rozpoznawanie-teczowki-biometria\results_mmu\kodowanie\21_right_mazwanr3_iris_mask.npy,2048,1.0,0.02454369260617026,ok
mazwanr4.bmp,21_right,C:\Studia\6 sem\biometria\projekt_2_koniec\rozpoznawanie-teczowki-biometria\results_mmu\kodowanie\21_right_mazwanr4_iris_code.npy,C:\Studia\6 sem\biometria\projekt_2_koniec\rozpoznawanie-teczowki-biometria\results_mmu\kodowanie\21_right_mazwanr4_iris_mask.npy,2048,1.0,0.02454369260617026,ok
mazwanr5.bmp,21_right,C:\Studia\6 sem\biometria\projekt_2_koniec\rozpoznawanie-teczowki-biometria\results_mmu\kodowanie\21_right_mazwanr5_iris_code.npy,C:\Studia\6 sem\biometria\projekt_2_koniec\rozpoznawanie-teczowki-biometria\results_mmu\kodowanie\21_right_mazwanr5_iris_mask.npy,2048,1.0,0.02454369260617026,ok
mimil1.bmp,22_left,C:\Studia\6 sem\biometria\projekt_2_koniec\rozpoznawanie-teczowki-biometria\results_mmu\kodowanie\22_left_mimil1_iris_code.npy,C:\Studia\6 sem\biometria\projekt_2_koniec\rozpoznawanie-teczowki-biometria\results_mmu\kodowanie\22_left_mimil1_iris_mask.npy,2048,1.0,0.02454369260617026,ok
mimil2.bmp,22_left,C:\Studia\6 sem\biometria\projekt_2_koniec\rozpoznawanie-teczowki-biometria\results_mmu\kodowanie\22_left_mimil2_iris_code.npy,C:\Studia\6 sem\biometria\projekt_2_koniec\rozpoznawanie-teczowki-biometria\results_mmu\kodowanie\22_left_mimil2_iris_mask.npy,2048,1.0,0.02454369260617026,ok
mimil3.bmp,22_left,C:\Studia\6 sem\biometria\projekt_2_koniec\rozpoznawanie-teczowki-biometria\results_mmu\kodowanie\22_left_mimil3_iris_code.npy,C:\Studia\6 sem\biometria\projekt_2_koniec\rozpoznawanie-teczowki-biometria\results_mmu\kodowanie\22_left_mimil3_iris_mask.npy,2048,1.0,0.02454369260617026,ok
mimil4.bmp,22_left,C:\Studia\6 sem\biometria\projekt_2_koniec\rozpoznawanie-teczowki-biometria\results_mmu\kodowanie\22_left_mimil4_iris_code.npy,C:\Studia\6 sem\biometria\projekt_2_koniec\rozpoznawanie-teczowki-biometria\results_mmu\kodowanie\22_left_mimil4_iris_mask.npy,2048,1.0,0.02454369260617026,ok
mimil5.bmp,22_left,C:\Studia\6 sem\biometria\projekt_2_koniec\rozpoznawanie-teczowki-biometria\results_mmu\kodowanie\22_left_mimil5_iris_code.npy,C:\Studia\6 sem\biometria\projekt_2_koniec\rozpoznawanie-teczowki-biometria\results_mmu\kodowanie\22_left_mimil5_iris_mask.npy,2048,1.0,0.02454369260617026,ok
mimir1.bmp,22_right,C:\Studia\6 sem\biometria\projekt_2_koniec\rozpoznawanie-teczowki-biometria\results_mmu\kodowanie\22_right_mimir1_iris_code.npy,C:\Studia\6 sem\biometria\projekt_2_koniec\rozpoznawanie-teczowki-biometria\results_mmu\kodowanie\22_right_mimir1_iris_mask.npy,2048,1.0,0.02454369260617026,ok
mimir2.bmp,22_right,C:\Studia\6 sem\biometria\projekt_2_koniec\rozpoznawanie-teczowki-biometria\results_mmu\kodowanie\22_right_mimir2_iris_code.npy,C:\Studia\6 sem\biometria\projekt_2_koniec\rozpoznawanie-teczowki-biometria\results_mmu\kodowanie\22_right_mimir2_iris_mask.npy,2048,1.0,0.02454369260617026,ok
mimir3.bmp,22_right,C:\Studia\6 sem\biometria\projekt_2_koniec\rozpoznawanie-teczowki-biometria\results_mmu\kodowanie\22_right_mimir3_iris_code.npy,C:\Studia\6 sem\biometria\projekt_2_koniec\rozpoznawanie-teczowki-biometria\results_mmu\kodowanie\22_right_mimir3_iris_mask.npy,2048,1.0,0.02454369260617026,ok
mimir4.bmp,22_right,C:\Studia\6 sem\biometria\projekt_2_koniec\rozpoznawanie-teczowki-biometria\results_mmu\kodowanie\22_right_mimir4_iris_code.npy,C:\Studia\6 sem\biometria\projekt_2_koniec\rozpoznawanie-teczowki-biometria\results_mmu\kodowanie\22_right_mimir4_iris_mask.npy,2048,1.0,0.02454369260617026,ok
mimir5.bmp,22_right,C:\Studia\6 sem\biometria\projekt_2_koniec\rozpoznawanie-teczowki-biometria\results_mmu\kodowanie\22_right_mimir5_iris_code.npy,C:\Studia\6 sem\biometria\projekt_2_koniec\rozpoznawanie-teczowki-biometria\results_mmu\kodowanie\22_right_mimir5_iris_mask.npy,2048,1.0,0.02454369260617026,ok
minglil1.bmp,23_left,C:\Studia\6 sem\biometria\projekt_2_koniec\rozpoznawanie-teczowki-biometria\results_mmu\kodowanie\23_left_minglil1_iris_code.npy,C:\Studia\6 sem\biometria\projekt_2_koniec\rozpoznawanie-teczowki-biometria\results_mmu\kodowanie\23_left_minglil1_iris_mask.npy,2048,1.0,0.02454369260617026,ok
minglil2.bmp,23_left,C:\Studia\6 sem\biometria\projekt_2_koniec\rozpoznawanie-teczowki-biometria\results_mmu\kodowanie\23_left_minglil2_iris_code.npy,C:\Studia\6 sem\biometria\projekt_2_koniec\rozpoznawanie-teczowki-biometria\results_mmu\kodowanie\23_left_minglil2_iris_mask.npy,2048,1.0,0.02454369260617026,ok
minglil3.bmp,23_left,C:\Studia\6 sem\biometria\projekt_2_koniec\rozpoznawanie-teczowki-biometria\results_mmu\kodowanie\23_left_minglil3_iris_code.npy,C:\Studia\6 sem\biometria\projekt_2_koniec\rozpoznawanie-teczowki-biometria\results_mmu\kodowanie\23_left_minglil3_iris_mask.npy,2048,1.0,0.02454369260617026,ok
minglil4.bmp,23_left,C:\Studia\6 sem\biometria\projekt_2_koniec\rozpoznawanie-teczowki-biometria\results_mmu\kodowanie\23_left_minglil4_iris_code.npy,C:\Studia\6 sem\biometria\projekt_2_koniec\rozpoznawanie-teczowki-biometria\results_mmu\kodowanie\23_left_minglil4_iris_mask.npy,2048,1.0,0.02454369260617026,ok
minglil5.bmp,23_left,C:\Studia\6 sem\biometria\projekt_2_koniec\rozpoznawanie-teczowki-biometria\results_mmu\kodowanie\23_left_minglil5_iris_code.npy,C:\Studia\6 sem\biometria\projekt_2_koniec\rozpoznawanie-teczowki-biometria\results_mmu\kodowanie\23_left_minglil5_iris_mask.npy,2048,1.0,0.02454369260617026,ok
minglir1.bmp,23_right,C:\Studia\6 sem\biometria\projekt_2_koniec\rozpoznawanie-teczowki-biometria\results_mmu\kodowanie\23_right_minglir1_iris_code.npy,C:\Studia\6 sem\biometria\projekt_2_koniec\rozpoznawanie-teczowki-biometria\results_mmu\kodowanie\23_right_minglir1_iris_mask.npy,2048,1.0,0.02454369260617026,ok
minglir2.bmp,23_right,C:\Studia\6 sem\biometria\projekt_2_koniec\rozpoznawanie-teczowki-biometria\results_mmu\kodowanie\23_right_minglir2_iris_code.npy,C:\Studia\6 sem\biometria\projekt_2_koniec\rozpoznawanie-teczowki-biometria\results_mmu\kodowanie\23_right_minglir2_iris_mask.npy,2048,1.0,0.02454369260617026,ok
minglir3.bmp,23_right,C:\Studia\6 sem\biometria\projekt_2_koniec\rozpoznawanie-teczowki-biometria\results_mmu\kodowanie\23_right_minglir3_iris_code.npy,C:\Studia\6 sem\biometria\projekt_2_koniec\rozpoznawanie-teczowki-biometria\results_mmu\kodowanie\23_right_minglir3_iris_mask.npy,2048,1.0,0.02454369260617026,ok
minglir4.bmp,23_right,C:\Studia\6 sem\biometria\projekt_2_koniec\rozpoznawanie-teczowki-biometria\results_mmu\kodowanie\23_right_minglir4_iris_code.npy,C:\Studia\6 sem\biometria\projekt_2_koniec\rozpoznawanie-teczowki-biometria\results_mmu\kodowanie\23_right_minglir4_iris_mask.npy,2048,1.0,0.02454369260617026,ok
minglir5.bmp,23_right,C:\Studia\6 sem\biometria\projekt_2_koniec\rozpoznawanie-teczowki-biometria\results_mmu\kodowanie\23_right_minglir5_iris_code.npy,C:\Studia\6 sem\biometria\projekt_2_koniec\rozpoznawanie-teczowki-biometria\results_mmu\kodowanie\23_right_minglir5_iris_mask.npy,2048,1.0,0.02454369260617026,ok
ngkokwhyl1.bmp,24_left,C:\Studia\6 sem\biometria\projekt_2_koniec\rozpoznawanie-teczowki-biometria\results_mmu\kodowanie\24_left_ngkokwhyl1_iris_code.npy,C:\Studia\6 sem\biometria\projekt_2_koniec\rozpoznawanie-teczowki-biometria\results_mmu\kodowanie\24_left_ngkokwhyl1_iris_mask.npy,2048,1.0,0.02454369260617026,ok
ngkokwhyl2.bmp,24_left,C:\Studia\6 sem\biometria\projekt_2_koniec\rozpoznawanie-teczowki-biometria\results_mmu\kodowanie\24_left_ngkokwhyl2_iris_code.npy,C:\Studia\6 sem\biometria\projekt_2_koniec\rozpoznawanie-teczowki-biometria\results_mmu\kodowanie\24_left_ngkokwhyl2_iris_mask.npy,2048,1.0,0.02454369260617026,ok
ngkokwhyl3.bmp,24_left,C:\Studia\6 sem\biometria\projekt_2_koniec\rozpoznawanie-teczowki-biometria\results_mmu\kodowanie\24_left_ngkokwhyl3_iris_code.npy,C:\Studia\6 sem\biometria\projekt_2_koniec\rozpoznawanie-teczowki-biometria\results_mmu\kodowanie\24_left_ngkokwhyl3_iris_mask.npy,2048,1.0,0.02454369260617026,ok
ngkokwhyl4.bmp,24_left,C:\Studia\6 sem\biometria\projekt_2_koniec\rozpoznawanie-teczowki-biometria\results_mmu\kodowanie\24_left_ngkokwhyl4_iris_code.npy,C:\Studia\6 sem\biometria\projekt_2_koniec\rozpoznawanie-teczowki-biometria\results_mmu\kodowanie\24_left_ngkokwhyl4_iris_mask.npy,2048,1.0,0.02454369260617026,ok
ngkokwhyl5.bmp,24_left,C:\Studia\6 sem\biometria\projekt_2_koniec\rozpoznawanie-teczowki-biometria\results_mmu\kodowanie\24_left_ngkokwhyl5_iris_code.npy,C:\Studia\6 sem\biometria\projekt_2_koniec\rozpoznawanie-teczowki-biometria\results_mmu\kodowanie\24_left_ngkokwhyl5_iris_mask.npy,2048,1.0,0.02454369260617026,ok
ngkokwhyr1.bmp,24_right,C:\Studia\6 sem\biometria\projekt_2_koniec\rozpoznawanie-teczowki-biometria\results_mmu\kodowanie\24_right_ngkokwhyr1_iris_code.npy,C:\Studia\6 sem\biometria\projekt_2_koniec\rozpoznawanie-teczowki-biometria\results_mmu\kodowanie\24_right_ngkokwhyr1_iris_mask.npy,2048,1.0,0.02454369260617026,ok
ngkokwhyr2.bmp,24_right,C:\Studia\6 sem\biometria\projekt_2_koniec\rozpoznawanie-teczowki-biometria\results_mmu\kodowanie\24_right_ngkokwhyr2_iris_code.npy,C:\Studia\6 sem\biometria\projekt_2_koniec\rozpoznawanie-teczowki-biometria\results_mmu\kodowanie\24_right_ngkokwhyr2_iris_mask.npy,2048,1.0,0.02454369260617026,ok
ngkokwhyr3.bmp,24_right,C:\Studia\6 sem\biometria\projekt_2_koniec\rozpoznawanie-teczowki-biometria\results_mmu\kodowanie\24_right_ngkokwhyr3_iris_code.npy,C:\Studia\6 sem\biometria\projekt_2_koniec\rozpoznawanie-teczowki-biometria\results_mmu\kodowanie\24_right_ngkokwhyr3_iris_mask.npy,2048,1.0,0.02454369260617026,ok
ngkokwhyr4.bmp,24_right,C:\Studia\6 sem\biometria\projekt_2_koniec\rozpoznawanie-teczowki-biometria\results_mmu\kodowanie\24_right_ngkokwhyr4_iris_code.npy,C:\Studia\6 sem\biometria\projekt_2_koniec\rozpoznawanie-teczowki-biometria\results_mmu\kodowanie\24_right_ngkokwhyr4_iris_mask.npy,2048,1.0,0.02454369260617026,ok
ngkokwhyr5.bmp,24_right,C:\Studia\6 sem\biometria\projekt_2_koniec\rozpoznawanie-teczowki-biometria\results_mmu\kodowanie\24_right_ngkokwhyr5_iris_code.npy,C:\Studia\6 sem\biometria\projekt_2_koniec\rozpoznawanie-teczowki-biometria\results_mmu\kodowanie\24_right_ngkokwhyr5_iris_mask.npy,2048,1.0,0.02454369260617026,ok
nkll1.bmp,25_left,C:\Studia\6 sem\biometria\projekt_2_koniec\rozpoznawanie-teczowki-biometria\results_mmu\kodowanie\25_left_nkll1_iris_code.npy,C:\Studia\6 sem\biometria\projekt_2_koniec\rozpoznawanie-teczowki-biometria\results_mmu\kodowanie\25_left_nkll1_iris_mask.npy,2048,1.0,0.02454369260617026,ok
nkll2.bmp,25_left,C:\Studia\6 sem\biometria\projekt_2_koniec\rozpoznawanie-teczowki-biometria\results_mmu\kodowanie\25_left_nkll2_iris_code.npy,C:\Studia\6 sem\biometria\projekt_2_koniec\rozpoznawanie-teczowki-biometria\results_mmu\kodowanie\25_left_nkll2_iris_mask.npy,2048,1.0,0.02454369260617026,ok
nkll3.bmp,25_left,C:\Studia\6 sem\biometria\projekt_2_koniec\rozpoznawanie-teczowki-biometria\results_mmu\kodowanie\25_left_nkll3_iris_code.npy,C:\Studia\6 sem\biometria\projekt_2_koniec\rozpoznawanie-teczowki-biometria\results_mmu\kodowanie\25_left_nkll3_iris_mask.npy,2048,1.0,0.02454369260617026,ok
nkll4.bmp,25_left,C:\Studia\6 sem\biometria\projekt_2_koniec\rozpoznawanie-teczowki-biometria\results_mmu\kodowanie\25_left_nkll4_iris_code.npy,C:\Studia\6 sem\biometria\projekt_2_koniec\rozpoznawanie-teczowki-biometria\results_mmu\kodowanie\25_left_nkll4_iris_mask.npy,2048,1.0,0.02454369260617026,ok
nkll5.bmp,25_left,C:\Studia\6 sem\biometria\projekt_2_koniec\rozpoznawanie-teczowki-biometria\results_mmu\kodowanie\25_left_nkll5_iris_code.npy,C:\Studia\6 sem\biometria\projekt_2_koniec\rozpoznawanie-teczowki-biometria\results_mmu\kodowanie\25_left_nkll5_iris_mask.npy,2048,1.0,0.02454369260617026,ok
nklr1.bmp,25_right,C:\Studia\6 sem\biometria\projekt_2_koniec\rozpoznawanie-teczowki-biometria\results_mmu\kodowanie\25_right_nklr1_iris_code.npy,C:\Studia\6 sem\biometria\projekt_2_koniec\rozpoznawanie-teczowki-biometria\results_mmu\kodowanie\25_right_nklr1_iris_mask.npy,2048,1.0,0.02454369260617026,ok
nklr2.bmp,25_right,C:\Studia\6 sem\biometria\projekt_2_koniec\rozpoznawanie-teczowki-biometria\results_mmu\kodowanie\25_right_nklr2_iris_code.npy,C:\Studia\6 sem\biometria\projekt_2_koniec\rozpoznawanie-teczowki-biometria\results_mmu\kodowanie\25_right_nklr2_iris_mask.npy,2048,1.0,0.02454369260617026,ok
nklr3.bmp,25_right,C:\Studia\6 sem\biometria\projekt_2_koniec\rozpoznawanie-teczowki-biometria\results_mmu\kodowanie\25_right_nklr3_iris_code.npy,C:\Studia\6 sem\biometria\projekt_2_koniec\rozpoznawanie-teczowki-biometria\results_mmu\kodowanie\25_right_nklr3_iris_mask.npy,2048,1.0,0.02454369260617026,ok
nklr4.bmp,25_right,C:\Studia\6 sem\biometria\projekt_2_koniec\rozpoznawanie-teczowki-biometria\results_mmu\kodowanie\25_right_nklr4_iris_code.npy,C:\Studia\6 sem\biometria\projekt_2_koniec\rozpoznawanie-teczowki-biometria\results_mmu\kodowanie\25_right_nklr4_iris_mask.npy,2048,1.0,0.02454369260617026,ok
nklr5.bmp,25_right,C:\Studia\6 sem\biometria\projekt_2_koniec\rozpoznawanie-teczowki-biometria\results_mmu\kodowanie\25_right_nklr5_iris_code.npy,C:\Studia\6 sem\biometria\projekt_2_koniec\rozpoznawanie-teczowki-biometria\results_mmu\kodowanie\25_right_nklr5_iris_mask.npy,2048,1.0,0.02454369260617026,ok
norazal1.bmp,26_left,C:\Studia\6 sem\biometria\projekt_2_koniec\rozpoznawanie-teczowki-biometria\results_mmu\kodowanie\26_left_norazal1_iris_code.npy,C:\Studia\6 sem\biometria\projekt_2_koniec\rozpoznawanie-teczowki-biometria\results_mmu\kodowanie\26_left_norazal1_iris_mask.npy,2048,1.0,0.02454369260617026,ok
norazal2.bmp,26_left,C:\Studia\6 sem\biometria\projekt_2_koniec\rozpoznawanie-teczowki-biometria\results_mmu\kodowanie\26_left_norazal2_iris_code.npy,C:\Studia\6 sem\biometria\projekt_2_koniec\rozpoznawanie-teczowki-biometria\results_mmu\kodowanie\26_left_norazal2_iris_mask.npy,2048,1.0,0.02454369260617026,ok
norazal3.bmp,26_left,C:\Studia\6 sem\biometria\projekt_2_koniec\rozpoznawanie-teczowki-biometria\results_mmu\kodowanie\26_left_norazal3_iris_code.npy,C:\Studia\6 sem\biometria\projekt_2_koniec\rozpoznawanie-teczowki-biometria\results_mmu\kodowanie\26_left_norazal3_iris_mask.npy,2048,1.0,0.02454369260617026,ok
norazal4.bmp,26_left,C:\Studia\6 sem\biometria\projekt_2_koniec\rozpoznawanie-teczowki-biometria\results_mmu\kodowanie\26_left_norazal4_iris_code.npy,C:\Studia\6 sem\biometria\projekt_2_koniec\rozpoznawanie-teczowki-biometria\results_mmu\kodowanie\26_left_norazal4_iris_mask.npy,2048,1.0,0.02454369260617026,ok
norazal5.bmp,26_left,C:\Studia\6 sem\biometria\projekt_2_koniec\rozpoznawanie-teczowki-biometria\results_mmu\kodowanie\26_left_norazal5_iris_code.npy,C:\Studia\6 sem\biometria\projekt_2_koniec\rozpoznawanie-teczowki-biometria\results_mmu\kodowanie\26_left_norazal5_iris_mask.npy,2048,1.0,0.02454369260617026,ok
norazar1.bmp,26_right,C:\Studia\6 sem\biometria\projekt_2_koniec\rozpoznawanie-teczowki-biometria\results_mmu\kodowanie\26_right_norazar1_iris_code.npy,C:\Studia\6 sem\biometria\projekt_2_koniec\rozpoznawanie-teczowki-biometria\results_mmu\kodowanie\26_right_norazar1_iris_mask.npy,2048,1.0,0.02454369260617026,ok
norazar2.bmp,26_right,C:\Studia\6 sem\biometria\projekt_2_koniec\rozpoznawanie-teczowki-biometria\results_mmu\kodowanie\26_right_norazar2_iris_code.npy,C:\Studia\6 sem\biometria\projekt_2_koniec\rozpoznawanie-teczowki-biometria\results_mmu\kodowanie\26_right_norazar2_iris_mask.npy,2048,1.0,0.02454369260617026,ok
norazar3.bmp,26_right,C:\Studia\6 sem\biometria\projekt_2_koniec\rozpoznawanie-teczowki-biometria\results_mmu\kodowanie\26_right_norazar3_iris_code.npy,C:\Studia\6 sem\biometria\projekt_2_koniec\rozpoznawanie-teczowki-biometria\results_mmu\kodowanie\26_right_norazar3_iris_mask.npy,2048,1.0,0.02454369260617026,ok
norazar4.bmp,26_right,C:\Studia\6 sem\biometria\projekt_2_koniec\rozpoznawanie-teczowki-biometria\results_mmu\kodowanie\26_right_norazar4_iris_code.npy,C:\Studia\6 sem\biometria\projekt_2_koniec\rozpoznawanie-teczowki-biometria\results_mmu\kodowanie\26_right_norazar4_iris_mask.npy,2048,1.0,0.02454369260617026,ok
norazar5.bmp,26_right,C:\Studia\6 sem\biometria\projekt_2_koniec\rozpoznawanie-teczowki-biometria\results_mmu\kodowanie\26_right_norazar5_iris_code.npy,C:\Studia\6 sem\biometria\projekt_2_koniec\rozpoznawanie-teczowki-biometria\results_mmu\kodowanie\26_right_norazar5_iris_mask.npy,2048,1.0,0.02454369260617026,ok
norsuhaidahl1.bmp,27_left,C:\Studia\6 sem\biometria\projekt_2_koniec\rozpoznawanie-teczowki-biometria\results_mmu\kodowanie\27_left_norsuhaidahl1_iris_code.npy,C:\Studia\6 sem\biometria\projekt_2_koniec\rozpoznawanie-teczowki-biometria\results_mmu\kodowanie\27_left_norsuhaidahl1_iris_mask.npy,2048,1.0,0.02454369260617026,ok
norsuhaidahl2.bmp,27_left,C:\Studia\6 sem\biometria\projekt_2_koniec\rozpoznawanie-teczowki-biometria\results_mmu\kodowanie\27_left_norsuhaidahl2_iris_code.npy,C:\Studia\6 sem\biometria\projekt_2_koniec\rozpoznawanie-teczowki-biometria\results_mmu\kodowanie\27_left_norsuhaidahl2_iris_mask.npy,2048,1.0,0.02454369260617026,ok
norsuhaidahl3.bmp,27_left,C:\Studia\6 sem\biometria\projekt_2_koniec\rozpoznawanie-teczowki-biometria\results_mmu\kodowanie\27_left_norsuhaidahl3_iris_code.npy,C:\Studia\6 sem\biometria\projekt_2_koniec\rozpoznawanie-teczowki-biometria\results_mmu\kodowanie\27_left_norsuhaidahl3_iris_mask.npy,2048,1.0,0.02454369260617026,ok
norsuhaidahl4.bmp,27_left,C:\Studia\6 sem\biometria\projekt_2_koniec\rozpoznawanie-teczowki-biometria\results_mmu\kodowanie\27_left_norsuhaidahl4_iris_code.npy,C:\Studia\6 sem\biometria\projekt_2_koniec\rozpoznawanie-teczowki-biometria\results_mmu\kodowanie\27_left_norsuhaidahl4_iris_mask.npy,2048,1.0,0.02454369260617026,ok
norsuhaidahl5.bmp,27_left,C:\Studia\6 sem\biometria\projekt_2_koniec\rozpoznawanie-teczowki-biometria\results_mmu\kodowanie\27_left_norsuhaidahl5_iris_code.npy,C:\Studia\6 sem\biometria\projekt_2_koniec\rozpoznawanie-teczowki-biometria\results_mmu\kodowanie\27_left_norsuhaidahl5_iris_mask.npy,2048,1.0,0.02454369260617026,ok
norsuhaidahr1.bmp,27_right,C:\Studia\6 sem\biometria\projekt_2_koniec\rozpoznawanie-teczowki-biometria\results_mmu\kodowanie\27_right_norsuhaidahr1_iris_code.npy,C:\Studia\6 sem\biometria\projekt_2_koniec\rozpoznawanie-teczowki-biometria\results_mmu\kodowanie\27_right_norsuhaidahr1_iris_mask.npy,2048,1.0,0.02454369260617026,ok
norsuhaidahr2.bmp,27_right,C:\Studia\6 sem\biometria\projekt_2_koniec\rozpoznawanie-teczowki-biometria\results_mmu\kodowanie\27_right_norsuhaidahr2_iris_code.npy,C:\Studia\6 sem\biometria\projekt_2_koniec\rozpoznawanie-teczowki-biometria\results_mmu\kodowanie\27_right_norsuhaidahr2_iris_mask.npy,2048,1.0,0.02454369260617026,ok
norsuhaidahr3.bmp,27_right,C:\Studia\6 sem\biometria\projekt_2_koniec\rozpoznawanie-teczowki-biometria\results_mmu\kodowanie\27_right_norsuhaidahr3_iris_code.npy,C:\Studia\6 sem\biometria\projekt_2_koniec\rozpoznawanie-teczowki-biometria\results_mmu\kodowanie\27_right_norsuhaidahr3_iris_mask.npy,2048,1.0,0.02454369260617026,ok
norsuhaidahr4.bmp,27_right,C:\Studia\6 sem\biometria\projekt_2_koniec\rozpoznawanie-teczowki-biometria\results_mmu\kodowanie\27_right_norsuhaidahr4_iris_code.npy,C:\Studia\6 sem\biometria\projekt_2_koniec\rozpoznawanie-teczowki-biometria\results_mmu\kodowanie\27_right_norsuhaidahr4_iris_mask.npy,2048,1.0,0.02454369260617026,ok
norsuhaidahr5.bmp,27_right,C:\Studia\6 sem\biometria\projekt_2_koniec\rozpoznawanie-teczowki-biometria\results_mmu\kodowanie\27_right_norsuhaidahr5_iris_code.npy,C:\Studia\6 sem\biometria\projekt_2_koniec\rozpoznawanie-teczowki-biometria\results_mmu\kodowanie\27_right_norsuhaidahr5_iris_mask.npy,2048,1.0,0.02454369260617026,ok
ongbll1.bmp,28_left,C:\Studia\6 sem\biometria\projekt_2_koniec\rozpoznawanie-teczowki-biometria\results_mmu\kodowanie\28_left_ongbll1_iris_code.npy,C:\Studia\6 sem\biometria\projekt_2_koniec\rozpoznawanie-teczowki-biometria\results_mmu\kodowanie\28_left_ongbll1_iris_mask.npy,2048,1.0,0.02454369260617026,ok
ongbll2.bmp,28_left,C:\Studia\6 sem\biometria\projekt_2_koniec\rozpoznawanie-teczowki-biometria\results_mmu\kodowanie\28_left_ongbll2_iris_code.npy,C:\Studia\6 sem\biometria\projekt_2_koniec\rozpoznawanie-teczowki-biometria\results_mmu\kodowanie\28_left_ongbll2_iris_mask.npy,2048,1.0,0.02454369260617026,ok
ongbll3.bmp,28_left,C:\Studia\6 sem\biometria\projekt_2_koniec\rozpoznawanie-teczowki-biometria\results_mmu\kodowanie\28_left_ongbll3_iris_code.npy,C:\Studia\6 sem\biometria\projekt_2_koniec\rozpoznawanie-teczowki-biometria\results_mmu\kodowanie\28_left_ongbll3_iris_mask.npy,2048,1.0,0.02454369260617026,ok
ongbll4.bmp,28_left,C:\Studia\6 sem\biometria\projekt_2_koniec\rozpoznawanie-teczowki-biometria\results_mmu\kodowanie\28_left_ongbll4_iris_code.npy,C:\Studia\6 sem\biometria\projekt_2_koniec\rozpoznawanie-teczowki-biometria\results_mmu\kodowanie\28_left_ongbll4_iris_mask.npy,2048,1.0,0.02454369260617026,ok
ongbll5.bmp,28_left,C:\Studia\6 sem\biometria\projekt_2_koniec\rozpoznawanie-teczowki-biometria\results_mmu\kodowanie\28_left_ongbll5_iris_code.npy,C:\Studia\6 sem\biometria\projekt_2_koniec\rozpoznawanie-teczowki-biometria\results_mmu\kodowanie\28_left_ongbll5_iris_mask.npy,2048,1.0,0.02454369260617026,ok
ongblr1.bmp,28_right,C:\Studia\6 sem\biometria\projekt_2_koniec\rozpoznawanie-teczowki-biometria\results_mmu\kodowanie\28_right_ongblr1_iris_code.npy,C:\Studia\6 sem\biometria\projekt_2_koniec\rozpoznawanie-teczowki-biometria\results_mmu\kodowanie\28_right_ongblr1_iris_mask.npy,2048,1.0,0.02454369260617026,ok
ongblr2.bmp,28_right,C:\Studia\6 sem\biometria\projekt_2_koniec\rozpoznawanie-teczowki-biometria\results_mmu\kodowanie\28_right_ongblr2_iris_code.npy,C:\Studia\6 sem\biometria\projekt_2_koniec\rozpoznawanie-teczowki-biometria\results_mmu\kodowanie\28_right_ongblr2_iris_mask.npy,2048,1.0,0.02454369260617026,ok
ongblr3.bmp,28_right,C:\Studia\6 sem\biometria\projekt_2_koniec\rozpoznawanie-teczowki-biometria\results_mmu\kodowanie\28_right_ongblr3_iris_code.npy,C:\Studia\6 sem\biometria\projekt_2_koniec\rozpoznawanie-teczowki-biometria\results_mmu\kodowanie\28_right_ongblr3_iris_mask.npy,2048,1.0,0.02454369260617026,ok
ongblr4.bmp,28_right,C:\Studia\6 sem\biometria\projekt_2_koniec\rozpoznawanie-teczowki-biometria\results_mmu\kodowanie\28_right_ongblr4_iris_code.npy,C:\Studia\6 sem\biometria\projekt_2_koniec\rozpoznawanie-teczowki-biometria\results_mmu\kodowanie\28_right_ongblr4_iris_mask.npy,2048,1.0,0.02454369260617026,ok
ongblr5.bmp,28_right,C:\Studia\6 sem\biometria\projekt_2_koniec\rozpoznawanie-teczowki-biometria\results_mmu\kodowanie\28_right_ongblr5_iris_code.npy,C:\Studia\6 sem\biometria\projekt_2_koniec\rozpoznawanie-teczowki-biometria\results_mmu\kodowanie\28_right_ongblr5_iris_mask.npy,2048,1.0,0.02454369260617026,ok
pcll1.bmp,29_left,C:\Studia\6 sem\biometria\projekt_2_koniec\rozpoznawanie-teczowki-biometria\results_mmu\kodowanie\29_left_pcll1_iris_code.npy,C:\Studia\6 sem\biometria\projekt_2_koniec\rozpoznawanie-teczowki-biometria\results_mmu\kodowanie\29_left_pcll1_iris_mask.npy,2048,1.0,0.02454369260617026,ok
pcll2.bmp,29_left,C:\Studia\6 sem\biometria\projekt_2_koniec\rozpoznawanie-teczowki-biometria\results_mmu\kodowanie\29_left_pcll2_iris_code.npy,C:\Studia\6 sem\biometria\projekt_2_koniec\rozpoznawanie-teczowki-biometria\results_mmu\kodowanie\29_left_pcll2_iris_mask.npy,2048,1.0,0.02454369260617026,ok
pcll3.bmp,29_left,C:\Studia\6 sem\biometria\projekt_2_koniec\rozpoznawanie-teczowki-biometria\results_mmu\kodowanie\29_left_pcll3_iris_code.npy,C:\Studia\6 sem\biometria\projekt_2_koniec\rozpoznawanie-teczowki-biometria\results_mmu\kodowanie\29_left_pcll3_iris_mask.npy,2048,1.0,0.02454369260617026,ok
pcll4.bmp,29_left,C:\Studia\6 sem\biometria\projekt_2_koniec\rozpoznawanie-teczowki-biometria\results_mmu\kodowanie\29_left_pcll4_iris_code.npy,C:\Studia\6 sem\biometria\projekt_2_koniec\rozpoznawanie-teczowki-biometria\results_mmu\kodowanie\29_left_pcll4_iris_mask.npy,2048,1.0,0.02454369260617026,ok
pcll5.bmp,29_left,C:\Studia\6 sem\biometria\projekt_2_koniec\rozpoznawanie-teczowki-biometria\results_mmu\kodowanie\29_left_pcll5_iris_code.npy,C:\Studia\6 sem\biometria\projekt_2_koniec\rozpoznawanie-teczowki-biometria\results_mmu\kodowanie\29_left_pcll5_iris_mask.npy,2048,1.0,0.02454369260617026,ok
pclr1.bmp,29_right,C:\Studia\6 sem\biometria\projekt_2_koniec\rozpoznawanie-teczowki-biometria\results_mmu\kodowanie\29_right_pclr1_iris_code.npy,C:\Studia\6 sem\biometria\projekt_2_koniec\rozpoznawanie-teczowki-biometria\results_mmu\kodowanie\29_right_pclr1_iris_mask.npy,2048,1.0,0.02454369260617026,ok
pclr2.bmp,29_right,C:\Studia\6 sem\biometria\projekt_2_koniec\rozpoznawanie-teczowki-biometria\results_mmu\kodowanie\29_right_pclr2_iris_code.npy,C:\Studia\6 sem\biometria\projekt_2_koniec\rozpoznawanie-teczowki-biometria\results_mmu\kodowanie\29_right_pclr2_iris_mask.npy,2048,1.0,0.02454369260617026,ok
pclr3.bmp,29_right,C:\Studia\6 sem\biometria\projekt_2_koniec\rozpoznawanie-teczowki-biometria\results_mmu\kodowanie\29_right_pclr3_iris_code.npy,C:\Studia\6 sem\biometria\projekt_2_koniec\rozpoznawanie-teczowki-biometria\results_mmu\kodowanie\29_right_pclr3_iris_mask.npy,2048,1.0,0.02454369260617026,ok
pclr4.bmp,29_right,C:\Studia\6 sem\biometria\projekt_2_koniec\rozpoznawanie-teczowki-biometria\results_mmu\kodowanie\29_right_pclr4_iris_code.npy,C:\Studia\6 sem\biometria\projekt_2_koniec\rozpoznawanie-teczowki-biometria\results_mmu\kodowanie\29_right_pclr4_iris_mask.npy,2048,1.0,0.02454369260617026,ok
pclr5.bmp,29_right,C:\Studia\6 sem\biometria\projekt_2_koniec\rozpoznawanie-teczowki-biometria\results_mmu\kodowanie\29_right_pclr5_iris_code.npy,C:\Studia\6 sem\biometria\projekt_2_koniec\rozpoznawanie-teczowki-biometria\results_mmu\kodowanie\29_right_pclr5_iris_mask.npy,2048,1.0,0.02454369260617026,ok
chingycl1.bmp,3_left,C:\Studia\6 sem\biometria\projekt_2_koniec\rozpoznawanie-teczowki-biometria\results_mmu\kodowanie\3_left_chingycl1_iris_code.npy,C:\Studia\6 sem\biometria\projekt_2_koniec\rozpoznawanie-teczowki-biometria\results_mmu\kodowanie\3_left_chingycl1_iris_mask.npy,2048,1.0,0.02454369260617026,ok
chingycl2.bmp,3_left,C:\Studia\6 sem\biometria\projekt_2_koniec\rozpoznawanie-teczowki-biometria\results_mmu\kodowanie\3_left_chingycl2_iris_code.npy,C:\Studia\6 sem\biometria\projekt_2_koniec\rozpoznawanie-teczowki-biometria\results_mmu\kodowanie\3_left_chingycl2_iris_mask.npy,2048,1.0,0.02454369260617026,ok
chingycl3.bmp,3_left,C:\Studia\6 sem\biometria\projekt_2_koniec\rozpoznawanie-teczowki-biometria\results_mmu\kodowanie\3_left_chingycl3_iris_code.npy,C:\Studia\6 sem\biometria\projekt_2_koniec\rozpoznawanie-teczowki-biometria\results_mmu\kodowanie\3_left_chingycl3_iris_mask.npy,2048,1.0,0.02454369260617026,ok
chingycl4.bmp,3_left,C:\Studia\6 sem\biometria\projekt_2_koniec\rozpoznawanie-teczowki-biometria\results_mmu\kodowanie\3_left_chingycl4_iris_code.npy,C:\Studia\6 sem\biometria\projekt_2_koniec\rozpoznawanie-teczowki-biometria\results_mmu\kodowanie\3_left_chingycl4_iris_mask.npy,2048,1.0,0.02454369260617026,ok
chingycl5.bmp,3_left,C:\Studia\6 sem\biometria\projekt_2_koniec\rozpoznawanie-teczowki-biometria\results_mmu\kodowanie\3_left_chingycl5_iris_code.npy,C:\Studia\6 sem\biometria\projekt_2_koniec\rozpoznawanie-teczowki-biometria\results_mmu\kodowanie\3_left_chingycl5_iris_mask.npy,2048,1.0,0.02454369260617026,ok
chingycr1.bmp,3_right,C:\Studia\6 sem\biometria\projekt_2_koniec\rozpoznawanie-teczowki-biometria\results_mmu\kodowanie\3_right_chingycr1_iris_code.npy,C:\Studia\6 sem\biometria\projekt_2_koniec\rozpoznawanie-teczowki-biometria\results_mmu\kodowanie\3_right_chingycr1_iris_mask.npy,2048,1.0,0.02454369260617026,ok
chingycr2.bmp,3_right,C:\Studia\6 sem\biometria\projekt_2_koniec\rozpoznawanie-teczowki-biometria\results_mmu\kodowanie\3_right_chingycr2_iris_code.npy,C:\Studia\6 sem\biometria\projekt_2_koniec\rozpoznawanie-teczowki-biometria\results_mmu\kodowanie\3_right_chingycr2_iris_mask.npy,2048,1.0,0.02454369260617026,ok
chingycr3.bmp,3_right,C:\Studia\6 sem\biometria\projekt_2_koniec\rozpoznawanie-teczowki-biometria\results_mmu\kodowanie\3_right_chingycr3_iris_code.npy,C:\Studia\6 sem\biometria\projekt_2_koniec\rozpoznawanie-teczowki-biometria\results_mmu\kodowanie\3_right_chingycr3_iris_mask.npy,2048,1.0,0.02454369260617026,ok
chingycr4.bmp,3_right,C:\Studia\6 sem\biometria\projekt_2_koniec\rozpoznawanie-teczowki-biometria\results_mmu\kodowanie\3_right_chingycr4_iris_code.npy,C:\Studia\6 sem\biometria\projekt_2_koniec\rozpoznawanie-teczowki-biometria\results_mmu\kodowanie\3_right_chingycr4_iris_mask.npy,2048,1.0,0.02454369260617026,ok
chingycr5.bmp,3_right,C:\Studia\6 sem\biometria\projekt_2_koniec\rozpoznawanie-teczowki-biometria\results_mmu\kodowanie\3_right_chingycr5_iris_code.npy,C:\Studia\6 sem\biometria\projekt_2_koniec\rozpoznawanie-teczowki-biometria\results_mmu\kodowanie\3_right_chingycr5_iris_mask.npy,2048,1.0,0.02454369260617026,ok
philipl1.bmp,30_left,C:\Studia\6 sem\biometria\projekt_2_koniec\rozpoznawanie-teczowki-biometria\results_mmu\kodowanie\30_left_philipl1_iris_code.npy,C:\Studia\6 sem\biometria\projekt_2_koniec\rozpoznawanie-teczowki-biometria\results_mmu\kodowanie\30_left_philipl1_iris_mask.npy,2048,1.0,0.02454369260617026,ok
philipl2.bmp,30_left,C:\Studia\6 sem\biometria\projekt_2_koniec\rozpoznawanie-teczowki-biometria\results_mmu\kodowanie\30_left_philipl2_iris_code.npy,C:\Studia\6 sem\biometria\projekt_2_koniec\rozpoznawanie-teczowki-biometria\results_mmu\kodowanie\30_left_philipl2_iris_mask.npy,2048,1.0,0.02454369260617026,ok
philipl3.bmp,30_left,C:\Studia\6 sem\biometria\projekt_2_koniec\rozpoznawanie-teczowki-biometria\results_mmu\kodowanie\30_left_philipl3_iris_code.npy,C:\Studia\6 sem\biometria\projekt_2_koniec\rozpoznawanie-teczowki-biometria\results_mmu\kodowanie\30_left_philipl3_iris_mask.npy,2048,1.0,0.02454369260617026,ok
philipl4.bmp,30_left,C:\Studia\6 sem\biometria\projekt_2_koniec\rozpoznawanie-teczowki-biometria\results_mmu\kodowanie\30_left_philipl4_iris_code.npy,C:\Studia\6 sem\biometria\projekt_2_koniec\rozpoznawanie-teczowki-biometria\results_mmu\kodowanie\30_left_philipl4_iris_mask.npy,2048,1.0,0.02454369260617026,ok
philipl5.bmp,30_left,C:\Studia\6 sem\biometria\projekt_2_koniec\rozpoznawanie-teczowki-biometria\results_mmu\kodowanie\30_left_philipl5_iris_code.npy,C:\Studia\6 sem\biometria\projekt_2_koniec\rozpoznawanie-teczowki-biometria\results_mmu\kodowanie\30_left_philipl5_iris_mask.npy,2048,1.0,0.02454369260617026,ok
philipr1.bmp,30_right,C:\Studia\6 sem\biometria\projekt_2_koniec\rozpoznawanie-teczowki-biometria\results_mmu\kodowanie\30_right_philipr1_iris_code.npy,C:\Studia\6 sem\biometria\projekt_2_koniec\rozpoznawanie-teczowki-biometria\results_mmu\kodowanie\30_right_philipr1_iris_mask.npy,2048,1.0,0.02454369260617026,ok
philipr2.bmp,30_right,C:\Studia\6 sem\biometria\projekt_2_koniec\rozpoznawanie-teczowki-biometria\results_mmu\kodowanie\30_right_philipr2_iris_code.npy,C:\Studia\6 sem\biometria\projekt_2_koniec\rozpoznawanie-teczowki-biometria\results_mmu\kodowanie\30_right_philipr2_iris_mask.npy,2048,1.0,0.02454369260617026,ok
philipr3.bmp,30_right,C:\Studia\6 sem\biometria\projekt_2_koniec\rozpoznawanie-teczowki-biometria\results_mmu\kodowanie\30_right_philipr3_iris_code.npy,C:\Studia\6 sem\biometria\projekt_2_koniec\rozpoznawanie-teczowki-biometria\results_mmu\kodowanie\30_right_philipr3_iris_mask.npy,2048,1.0,0.02454369260617026,ok
philipr4.bmp,30_right,C:\Studia\6 sem\biometria\projekt_2_koniec\rozpoznawanie-teczowki-biometria\results_mmu\kodowanie\30_right_philipr4_iris_code.npy,C:\Studia\6 sem\biometria\projekt_2_koniec\rozpoznawanie-teczowki-biometria\results_mmu\kodowanie\30_right_philipr4_iris_mask.npy,2048,1.0,0.02454369260617026,ok
philipr5.bmp,30_right,C:\Studia\6 sem\biometria\projekt_2_koniec\rozpoznawanie-teczowki-biometria\results_mmu\kodowanie\30_right_philipr5_iris_code.npy,C:\Studia\6 sem\biometria\projekt_2_koniec\rozpoznawanie-teczowki-biometria\results_mmu\kodowanie\30_right_philipr5_iris_mask.npy,2048,1.0,0.02454369260617026,ok
roslil1.bmp,31_left,C:\Studia\6 sem\biometria\projekt_2_koniec\rozpoznawanie-teczowki-biometria\results_mmu\kodowanie\31_left_roslil1_iris_code.npy,C:\Studia\6 sem\biometria\projekt_2_koniec\rozpoznawanie-teczowki-biometria\results_mmu\kodowanie\31_left_roslil1_iris_mask.npy,2048,1.0,0.02454369260617026,ok
roslil2.bmp,31_left,C:\Studia\6 sem\biometria\projekt_2_koniec\rozpoznawanie-teczowki-biometria\results_mmu\kodowanie\31_left_roslil2_iris_code.npy,C:\Studia\6 sem\biometria\projekt_2_koniec\rozpoznawanie-teczowki-biometria\results_mmu\kodowanie\31_left_roslil2_iris_mask.npy,2048,1.0,0.02454369260617026,ok
roslil3.bmp,31_left,C:\Studia\6 sem\biometria\projekt_2_koniec\rozpoznawanie-teczowki-biometria\results_mmu\kodowanie\31_left_roslil3_iris_code.npy,C:\Studia\6 sem\biometria\projekt_2_koniec\rozpoznawanie-teczowki-biometria\results_mmu\kodowanie\31_left_roslil3_iris_mask.npy,2048,1.0,0.02454369260617026,ok
roslil4.bmp,31_left,C:\Studia\6 sem\biometria\projekt_2_koniec\rozpoznawanie-teczowki-biometria\results_mmu\kodowanie\31_left_roslil4_iris_code.npy,C:\Studia\6 sem\biometria\projekt_2_koniec\rozpoznawanie-teczowki-biometria\results_mmu\kodowanie\31_left_roslil4_iris_mask.npy,2048,1.0,0.02454369260617026,ok
roslil5.bmp,31_left,C:\Studia\6 sem\biometria\projekt_2_koniec\rozpoznawanie-teczowki-biometria\results_mmu\kodowanie\31_left_roslil5_iris_code.npy,C:\Studia\6 sem\biometria\projekt_2_koniec\rozpoznawanie-teczowki-biometria\results_mmu\kodowanie\31_left_roslil5_iris_mask.npy,2048,1.0,0.02454369260617026,ok
roslir1.bmp,31_right,C:\Studia\6 sem\biometria\projekt_2_koniec\rozpoznawanie-teczowki-biometria\results_mmu\kodowanie\31_right_roslir1_iris_code.npy,C:\Studia\6 sem\biometria\projekt_2_koniec\rozpoznawanie-teczowki-biometria\results_mmu\kodowanie\31_right_roslir1_iris_mask.npy,2048,1.0,0.02454369260617026,ok
roslir2.bmp,31_right,C:\Studia\6 sem\biometria\projekt_2_koniec\rozpoznawanie-teczowki-biometria\results_mmu\kodowanie\31_right_roslir2_iris_code.npy,C:\Studia\6 sem\biometria\projekt_2_koniec\rozpoznawanie-teczowki-biometria\results_mmu\kodowanie\31_right_roslir2_iris_mask.npy,2048,1.0,0.02454369260617026,ok
roslir3.bmp,31_right,C:\Studia\6 sem\biometria\projekt_2_koniec\rozpoznawanie-teczowki-biometria\results_mmu\kodowanie\31_right_roslir3_iris_code.npy,C:\Studia\6 sem\biometria\projekt_2_koniec\rozpoznawanie-teczowki-biometria\results_mmu\kodowanie\31_right_roslir3_iris_mask.npy,2048,1.0,0.02454369260617026,ok
roslir4.bmp,31_right,C:\Studia\6 sem\biometria\projekt_2_koniec\rozpoznawanie-teczowki-biometria\results_mmu\kodowanie\31_right_roslir4_iris_code.npy,C:\Studia\6 sem\biometria\projekt_2_koniec\rozpoznawanie-teczowki-biometria\results_mmu\kodowanie\31_right_roslir4_iris_mask.npy,2048,1.0,0.02454369260617026,ok
roslir5.bmp,31_right,C:\Studia\6 sem\biometria\projekt_2_koniec\rozpoznawanie-teczowki-biometria\results_mmu\kodowanie\31_right_roslir5_iris_code.npy,C:\Studia\6 sem\biometria\projekt_2_koniec\rozpoznawanie-teczowki-biometria\results_mmu\kodowanie\31_right_roslir5_iris_mask.npy,2048,1.0,0.02454369260617026,ok
salal1.bmp,32_left,C:\Studia\6 sem\biometria\projekt_2_koniec\rozpoznawanie-teczowki-biometria\results_mmu\kodowanie\32_left_salal1_iris_code.npy,C:\Studia\6 sem\biometria\projekt_2_koniec\rozpoznawanie-teczowki-biometria\results_mmu\kodowanie\32_left_salal1_iris_mask.npy,2048,1.0,0.02454369260617026,ok
salal2.bmp,32_left,C:\Studia\6 sem\biometria\projekt_2_koniec\rozpoznawanie-teczowki-biometria\results_mmu\kodowanie\32_left_salal2_iris_code.npy,C:\Studia\6 sem\biometria\projekt_2_koniec\rozpoznawanie-teczowki-biometria\results_mmu\kodowanie\32_left_salal2_iris_mask.npy,2048,1.0,0.02454369260617026,ok
salal3.bmp,32_left,C:\Studia\6 sem\biometria\projekt_2_koniec\rozpoznawanie-teczowki-biometria\results_mmu\kodowanie\32_left_salal3_iris_code.npy,C:\Studia\6 sem\biometria\projekt_2_koniec\rozpoznawanie-teczowki-biometria\results_mmu\kodowanie\32_left_salal3_iris_mask.npy,2048,1.0,0.02454369260617026,ok
salal4.bmp,32_left,C:\Studia\6 sem\biometria\projekt_2_koniec\rozpoznawanie-teczowki-biometria\results_mmu\kodowanie\32_left_salal4_iris_code.npy,C:\Studia\6 sem\biometria\projekt_2_koniec\rozpoznawanie-teczowki-biometria\results_mmu\kodowanie\32_left_salal4_iris_mask.npy,2048,1.0,0.02454369260617026,ok
salal5.bmp,32_left,C:\Studia\6 sem\biometria\projekt_2_koniec\rozpoznawanie-teczowki-biometria\results_mmu\kodowanie\32_left_salal5_iris_code.npy,C:\Studia\6 sem\biometria\projekt_2_koniec\rozpoznawanie-teczowki-biometria\results_mmu\kodowanie\32_left_salal5_iris_mask.npy,2048,1.0,0.02454369260617026,ok
salar1.bmp,32_right,C:\Studia\6 sem\biometria\projekt_2_koniec\rozpoznawanie-teczowki-biometria\results_mmu\kodowanie\32_right_salar1_iris_code.npy,C:\Studia\6 sem\biometria\projekt_2_koniec\rozpoznawanie-teczowki-biometria\results_mmu\kodowanie\32_right_salar1_iris_mask.npy,2048,1.0,0.02454369260617026,ok
salar2.bmp,32_right,C:\Studia\6 sem\biometria\projekt_2_koniec\rozpoznawanie-teczowki-biometria\results_mmu\kodowanie\32_right_salar2_iris_code.npy,C:\Studia\6 sem\biometria\projekt_2_koniec\rozpoznawanie-teczowki-biometria\results_mmu\kodowanie\32_right_salar2_iris_mask.npy,2048,1.0,0.02454369260617026,ok
salar3.bmp,32_right,C:\Studia\6 sem\biometria\projekt_2_koniec\rozpoznawanie-teczowki-biometria\results_mmu\kodowanie\32_right_salar3_iris_code.npy,C:\Studia\6 sem\biometria\projekt_2_koniec\rozpoznawanie-teczowki-biometria\results_mmu\kodowanie\32_right_salar3_iris_mask.npy,2048,1.0,0.02454369260617026,ok
salar4.bmp,32_right,C:\Studia\6 sem\biometria\projekt_2_koniec\rozpoznawanie-teczowki-biometria\results_mmu\kodowanie\32_right_salar4_iris_code.npy,C:\Studia\6 sem\biometria\projekt_2_koniec\rozpoznawanie-teczowki-biometria\results_mmu\kodowanie\32_right_salar4_iris_mask.npy,2048,1.0,0.02454369260617026,ok
salar5.bmp,32_right,C:\Studia\6 sem\biometria\projekt_2_koniec\rozpoznawanie-teczowki-biometria\results_mmu\kodowanie\32_right_salar5_iris_code.npy,C:\Studia\6 sem\biometria\projekt_2_koniec\rozpoznawanie-teczowki-biometria\results_mmu\kodowanie\32_right_salar5_iris_mask.npy,2048,1.0,0.02454369260617026,ok
sarinal1.bmp,33_left,C:\Studia\6 sem\biometria\projekt_2_koniec\rozpoznawanie-teczowki-biometria\results_mmu\kodowanie\33_left_sarinal1_iris_code.npy,C:\Studia\6 sem\biometria\projekt_2_koniec\rozpoznawanie-teczowki-biometria\results_mmu\kodowanie\33_left_sarinal1_iris_mask.npy,2048,1.0,0.02454369260617026,ok
sarinal2.bmp,33_left,C:\Studia\6 sem\biometria\projekt_2_koniec\rozpoznawanie-teczowki-biometria\results_mmu\kodowanie\33_left_sarinal2_iris_code.npy,C:\Studia\6 sem\biometria\projekt_2_koniec\rozpoznawanie-teczowki-biometria\results_mmu\kodowanie\33_left_sarinal2_iris_mask.npy,2048,1.0,0.02454369260617026,ok
sarinal3.bmp,33_left,C:\Studia\6 sem\biometria\projekt_2_koniec\rozpoznawanie-teczowki-biometria\results_mmu\kodowanie\33_left_sarinal3_iris_code.npy,C:\Studia\6 sem\biometria\projekt_2_koniec\rozpoznawanie-teczowki-biometria\results_mmu\kodowanie\33_left_sarinal3_iris_mask.npy,2048,1.0,0.02454369260617026,ok
sarinal4.bmp,33_left,C:\Studia\6 sem\biometria\projekt_2_koniec\rozpoznawanie-teczowki-biometria\results_mmu\kodowanie\33_left_sarinal4_iris_code.npy,C:\Studia\6 sem\biometria\projekt_2_koniec\rozpoznawanie-teczowki-biometria\results_mmu\kodowanie\33_left_sarinal4_iris_mask.npy,2048,1.0,0.02454369260617026,ok
sarinal5.bmp,33_left,C:\Studia\6 sem\biometria\projekt_2_koniec\rozpoznawanie-teczowki-biometria\results_mmu\kodowanie\33_left_sarinal5_iris_code.npy,C:\Studia\6 sem\biometria\projekt_2_koniec\rozpoznawanie-teczowki-biometria\results_mmu\kodowanie\33_left_sarinal5_iris_mask.npy,2048,1.0,0.02454369260617026,ok
sarinar1.bmp,33_right,C:\Studia\6 sem\biometria\projekt_2_koniec\rozpoznawanie-teczowki-biometria\results_mmu\kodowanie\33_right_sarinar1_iris_code.npy,C:\Studia\6 sem\biometria\projekt_2_koniec\rozpoznawanie-teczowki-biometria\results_mmu\kodowanie\33_right_sarinar1_iris_mask.npy,2048,1.0,0.02454369260617026,ok
sarinar2.bmp,33_right,C:\Studia\6 sem\biometria\projekt_2_koniec\rozpoznawanie-teczowki-biometria\results_mmu\kodowanie\33_right_sarinar2_iris_code.npy,C:\Studia\6 sem\biometria\projekt_2_koniec\rozpoznawanie-teczowki-biometria\results_mmu\kodowanie\33_right_sarinar2_iris_mask.npy,2048,1.0,0.02454369260617026,ok
sarinar3.bmp,33_right,C:\Studia\6 sem\biometria\projekt_2_koniec\rozpoznawanie-teczowki-biometria\results_mmu\kodowanie\33_right_sarinar3_iris_code.npy,C:\Studia\6 sem\biometria\projekt_2_koniec\rozpoznawanie-teczowki-biometria\results_mmu\kodowanie\33_right_sarinar3_iris_mask.npy,2048,1.0,0.02454369260617026,ok
sarinar4.bmp,33_right,C:\Studia\6 sem\biometria\projekt_2_koniec\rozpoznawanie-teczowki-biometria\results_mmu\kodowanie\33_right_sarinar4_iris_code.npy,C:\Studia\6 sem\biometria\projekt_2_koniec\rozpoznawanie-teczowki-biometria\results_mmu\kodowanie\33_right_sarinar4_iris_mask.npy,2048,1.0,0.02454369260617026,ok
sarinar5.bmp,33_right,C:\Studia\6 sem\biometria\projekt_2_koniec\rozpoznawanie-teczowki-biometria\results_mmu\kodowanie\33_right_sarinar5_iris_code.npy,C:\Studia\6 sem\biometria\projekt_2_koniec\rozpoznawanie-teczowki-biometria\results_mmu\kodowanie\33_right_sarinar5_iris_mask.npy,2048,1.0,0.02454369260617026,ok
sitil1.bmp,34_left,C:\Studia\6 sem\biometria\projekt_2_koniec\rozpoznawanie-teczowki-biometria\results_mmu\kodowanie\34_left_sitil1_iris_code.npy,C:\Studia\6 sem\biometria\projekt_2_koniec\rozpoznawanie-teczowki-biometria\results_mmu\kodowanie\34_left_sitil1_iris_mask.npy,2048,1.0,0.02454369260617026,ok
sitil2.bmp,34_left,C:\Studia\6 sem\biometria\projekt_2_koniec\rozpoznawanie-teczowki-biometria\results_mmu\kodowanie\34_left_sitil2_iris_code.npy,C:\Studia\6 sem\biometria\projekt_2_koniec\rozpoznawanie-teczowki-biometria\results_mmu\kodowanie\34_left_sitil2_iris_mask.npy,2048,1.0,0.02454369260617026,ok
sitil3.bmp,34_left,C:\Studia\6 sem\biometria\projekt_2_koniec\rozpoznawanie-teczowki-biometria\results_mmu\kodowanie\34_left_sitil3_iris_code.npy,C:\Studia\6 sem\biometria\projekt_2_koniec\rozpoznawanie-teczowki-biometria\results_mmu\kodowanie\34_left_sitil3_iris_mask.npy,2048,1.0,0.02454369260617026,ok
sitil4.bmp,34_left,C:\Studia\6 sem\biometria\projekt_2_koniec\rozpoznawanie-teczowki-biometria\results_mmu\kodowanie\34_left_sitil4_iris_code.npy,C:\Studia\6 sem\biometria\projekt_2_koniec\rozpoznawanie-teczowki-biometria\results_mmu\kodowanie\34_left_sitil4_iris_mask.npy,2048,1.0,0.02454369260617026,ok
sitil5.bmp,34_left,C:\Studia\6 sem\biometria\projekt_2_koniec\rozpoznawanie-teczowki-biometria\results_mmu\kodowanie\34_left_sitil5_iris_code.npy,C:\Studia\6 sem\biometria\projekt_2_koniec\rozpoznawanie-teczowki-biometria\results_mmu\kodowanie\34_left_sitil5_iris_mask.npy,2048,1.0,0.02454369260617026,ok
sitir1.bmp,34_right,C:\Studia\6 sem\biometria\projekt_2_koniec\rozpoznawanie-teczowki-biometria\results_mmu\kodowanie\34_right_sitir1_iris_code.npy,C:\Studia\6 sem\biometria\projekt_2_koniec\rozpoznawanie-teczowki-biometria\results_mmu\kodowanie\34_right_sitir1_iris_mask.npy,2048,1.0,0.02454369260617026,ok
sitir2.bmp,34_right,C:\Studia\6 sem\biometria\projekt_2_koniec\rozpoznawanie-teczowki-biometria\results_mmu\kodowanie\34_right_sitir2_iris_code.npy,C:\Studia\6 sem\biometria\projekt_2_koniec\rozpoznawanie-teczowki-biometria\results_mmu\kodowanie\34_right_sitir2_iris_mask.npy,2048,1.0,0.02454369260617026,ok
sitir3.bmp,34_right,C:\Studia\6 sem\biometria\projekt_2_koniec\rozpoznawanie-teczowki-biometria\results_mmu\kodowanie\34_right_sitir3_iris_code.npy,C:\Studia\6 sem\biometria\projekt_2_koniec\rozpoznawanie-teczowki-biometria\results_mmu\kodowanie\34_right_sitir3_iris_mask.npy,2048,1.0,0.02454369260617026,ok
sitir4.bmp,34_right,C:\Studia\6 sem\biometria\projekt_2_koniec\rozpoznawanie-teczowki-biometria\results_mmu\kodowanie\34_right_sitir4_iris_code.npy,C:\Studia\6 sem\biometria\projekt_2_koniec\rozpoznawanie-teczowki-biometria\results_mmu\kodowanie\34_right_sitir4_iris_mask.npy,2048,1.0,0.02454369260617026,ok
sitir5.bmp,34_right,C:\Studia\6 sem\biometria\projekt_2_koniec\rozpoznawanie-teczowki-biometria\results_mmu\kodowanie\34_right_sitir5_iris_code.npy,C:\Studia\6 sem\biometria\projekt_2_koniec\rozpoznawanie-teczowki-biometria\results_mmu\kodowanie\34_right_sitir5_iris_mask.npy,2048,1.0,0.02454369260617026,ok
suzailil1.bmp,35_left,C:\Studia\6 sem\biometria\projekt_2_koniec\rozpoznawanie-teczowki-biometria\results_mmu\kodowanie\35_left_suzailil1_iris_code.npy,C:\Studia\6 sem\biometria\projekt_2_koniec\rozpoznawanie-teczowki-biometria\results_mmu\kodowanie\35_left_suzailil1_iris_mask.npy,2048,1.0,0.02454369260617026,ok
suzailil2.bmp,35_left,C:\Studia\6 sem\biometria\projekt_2_koniec\rozpoznawanie-teczowki-biometria\results_mmu\kodowanie\35_left_suzailil2_iris_code.npy,C:\Studia\6 sem\biometria\projekt_2_koniec\rozpoznawanie-teczowki-biometria\results_mmu\kodowanie\35_left_suzailil2_iris_mask.npy,2048,1.0,0.02454369260617026,ok
suzailil3.bmp,35_left,C:\Studia\6 sem\biometria\projekt_2_koniec\rozpoznawanie-teczowki-biometria\results_mmu\kodowanie\35_left_suzailil3_iris_code.npy,C:\Studia\6 sem\biometria\projekt_2_koniec\rozpoznawanie-teczowki-biometria\results_mmu\kodowanie\35_left_suzailil3_iris_mask.npy,2048,1.0,0.02454369260617026,ok
suzailil4.bmp,35_left,C:\Studia\6 sem\biometria\projekt_2_koniec\rozpoznawanie-teczowki-biometria\results_mmu\kodowanie\35_left_suzailil4_iris_code.npy,C:\Studia\6 sem\biometria\projekt_2_koniec\rozpoznawanie-teczowki-biometria\results_mmu\kodowanie\35_left_suzailil4_iris_mask.npy,2048,1.0,0.02454369260617026,ok
suzailil5.bmp,35_left,C:\Studia\6 sem\biometria\projekt_2_koniec\rozpoznawanie-teczowki-biometria\results_mmu\kodowanie\35_left_suzailil5_iris_code.npy,C:\Studia\6 sem\biometria\projekt_2_koniec\rozpoznawanie-teczowki-biometria\results_mmu\kodowanie\35_left_suzailil5_iris_mask.npy,2048,1.0,0.02454369260617026,ok
suzailir1.bmp,35_right,C:\Studia\6 sem\biometria\projekt_2_koniec\rozpoznawanie-teczowki-biometria\results_mmu\kodowanie\35_right_suzailir1_iris_code.npy,C:\Studia\6 sem\biometria\projekt_2_koniec\rozpoznawanie-teczowki-biometria\results_mmu\kodowanie\35_right_suzailir1_iris_mask.npy,2048,1.0,0.02454369260617026,ok
suzailir2.bmp,35_right,C:\Studia\6 sem\biometria\projekt_2_koniec\rozpoznawanie-teczowki-biometria\results_mmu\kodowanie\35_right_suzailir2_iris_code.npy,C:\Studia\6 sem\biometria\projekt_2_koniec\rozpoznawanie-teczowki-biometria\results_mmu\kodowanie\35_right_suzailir2_iris_mask.npy,2048,1.0,0.02454369260617026,ok
suzailir3.bmp,35_right,C:\Studia\6 sem\biometria\projekt_2_koniec\rozpoznawanie-teczowki-biometria\results_mmu\kodowanie\35_right_suzailir3_iris_code.npy,C:\Studia\6 sem\biometria\projekt_2_koniec\rozpoznawanie-teczowki-biometria\results_mmu\kodowanie\35_right_suzailir3_iris_mask.npy,2048,1.0,0.02454369260617026,ok
suzailir4.bmp,35_right,C:\Studia\6 sem\biometria\projekt_2_koniec\rozpoznawanie-teczowki-biometria\results_mmu\kodowanie\35_right_suzailir4_iris_code.npy,C:\Studia\6 sem\biometria\projekt_2_koniec\rozpoznawanie-teczowki-biometria\results_mmu\kodowanie\35_right_suzailir4_iris_mask.npy,2048,1.0,0.02454369260617026,ok
suzailir5.bmp,35_right,C:\Studia\6 sem\biometria\projekt_2_koniec\rozpoznawanie-teczowki-biometria\results_mmu\kodowanie\35_right_suzailir5_iris_code.npy,C:\Studia\6 sem\biometria\projekt_2_koniec\rozpoznawanie-teczowki-biometria\results_mmu\kodowanie\35_right_suzailir5_iris_mask.npy,2048,1.0,0.02454369260617026,ok
tanwnl1.bmp,36_left,C:\Studia\6 sem\biometria\projekt_2_koniec\rozpoznawanie-teczowki-biometria\results_mmu\kodowanie\36_left_tanwnl1_iris_code.npy,C:\Studia\6 sem\biometria\projekt_2_koniec\rozpoznawanie-teczowki-biometria\results_mmu\kodowanie\36_left_tanwnl1_iris_mask.npy,2048,1.0,0.02454369260617026,ok
tanwnl2.bmp,36_left,C:\Studia\6 sem\biometria\projekt_2_koniec\rozpoznawanie-teczowki-biometria\results_mmu\kodowanie\36_left_tanwnl2_iris_code.npy,C:\Studia\6 sem\biometria\projekt_2_koniec\rozpoznawanie-teczowki-biometria\results_mmu\kodowanie\36_left_tanwnl2_iris_mask.npy,2048,1.0,0.02454369260617026,ok
tanwnl3.bmp,36_left,C:\Studia\6 sem\biometria\projekt_2_koniec\rozpoznawanie-teczowki-biometria\results_mmu\kodowanie\36_left_tanwnl3_iris_code.npy,C:\Studia\6 sem\biometria\projekt_2_koniec\rozpoznawanie-teczowki-biometria\results_mmu\kodowanie\36_left_tanwnl3_iris_mask.npy,2048,1.0,0.02454369260617026,ok
tanwnl4.bmp,36_left,C:\Studia\6 sem\biometria\projekt_2_koniec\rozpoznawanie-teczowki-biometria\results_mmu\kodowanie\36_left_tanwnl4_iris_code.npy,C:\Studia\6 sem\biometria\projekt_2_koniec\rozpoznawanie-teczowki-biometria\results_mmu\kodowanie\36_left_tanwnl4_iris_mask.npy,2048,1.0,0.02454369260617026,ok
tanwnl5.bmp,36_left,C:\Studia\6 sem\biometria\projekt_2_koniec\rozpoznawanie-teczowki-biometria\results_mmu\kodowanie\36_left_tanwnl5_iris_code.npy,C:\Studia\6 sem\biometria\projekt_2_koniec\rozpoznawanie-teczowki-biometria\results_mmu\kodowanie\36_left_tanwnl5_iris_mask.npy,2048,1.0,0.02454369260617026,ok
tanwnr1.bmp,36_right,C:\Studia\6 sem\biometria\projekt_2_koniec\rozpoznawanie-teczowki-biometria\results_mmu\kodowanie\36_right_tanwnr1_iris_code.npy,C:\Studia\6 sem\biometria\projekt_2_koniec\rozpoznawanie-teczowki-biometria\results_mmu\kodowanie\36_right_tanwnr1_iris_mask.npy,2048,1.0,0.02454369260617026,ok
tanwnr2.bmp,36_right,C:\Studia\6 sem\biometria\projekt_2_koniec\rozpoznawanie-teczowki-biometria\results_mmu\kodowanie\36_right_tanwnr2_iris_code.npy,C:\Studia\6 sem\biometria\projekt_2_koniec\rozpoznawanie-teczowki-biometria\results_mmu\kodowanie\36_right_tanwnr2_iris_mask.npy,2048,1.0,0.02454369260617026,ok
tanwnr3.bmp,36_right,C:\Studia\6 sem\biometria\projekt_2_koniec\rozpoznawanie-teczowki-biometria\results_mmu\kodowanie\36_right_tanwnr3_iris_code.npy,C:\Studia\6 sem\biometria\projekt_2_koniec\rozpoznawanie-teczowki-biometria\results_mmu\kodowanie\36_right_tanwnr3_iris_mask.npy,2048,1.0,0.02454369260617026,ok
tanwnr4.bmp,36_right,C:\Studia\6 sem\biometria\projekt_2_koniec\rozpoznawanie-teczowki-biometria\results_mmu\kodowanie\36_right_tanwnr4_iris_code.npy,C:\Studia\6 sem\biometria\projekt_2_koniec\rozpoznawanie-teczowki-biometria\results_mmu\kodowanie\36_right_tanwnr4_iris_mask.npy,2048,1.0,0.02454369260617026,ok
tanwnr5.bmp,36_right,C:\Studia\6 sem\biometria\projekt_2_koniec\rozpoznawanie-teczowki-biometria\results_mmu\kodowanie\36_right_tanwnr5_iris_code.npy,C:\Studia\6 sem\biometria\projekt_2_koniec\rozpoznawanie-teczowki-biometria\results_mmu\kodowanie\36_right_tanwnr5_iris_mask.npy,2048,1.0,0.02454369260617026,ok
thomasl1.bmp,37_left,C:\Studia\6 sem\biometria\projekt_2_koniec\rozpoznawanie-teczowki-biometria\results_mmu\kodowanie\37_left_thomasl1_iris_code.npy,C:\Studia\6 sem\biometria\projekt_2_koniec\rozpoznawanie-teczowki-biometria\results_mmu\kodowanie\37_left_thomasl1_iris_mask.npy,2048,1.0,0.02454369260617026,ok
thomasl2.bmp,37_left,C:\Studia\6 sem\biometria\projekt_2_koniec\rozpoznawanie-teczowki-biometria\results_mmu\kodowanie\37_left_thomasl2_iris_code.npy,C:\Studia\6 sem\biometria\projekt_2_koniec\rozpoznawanie-teczowki-biometria\results_mmu\kodowanie\37_left_thomasl2_iris_mask.npy,2048,1.0,0.02454369260617026,ok
thomasl3.bmp,37_left,C:\Studia\6 sem\biometria\projekt_2_koniec\rozpoznawanie-teczowki-biometria\results_mmu\kodowanie\37_left_thomasl3_iris_code.npy,C:\Studia\6 sem\biometria\projekt_2_koniec\rozpoznawanie-teczowki-biometria\results_mmu\kodowanie\37_left_thomasl3_iris_mask.npy,2048,1.0,0.02454369260617026,ok
thomasl4.bmp,37_left,C:\Studia\6 sem\biometria\projekt_2_koniec\rozpoznawanie-teczowki-biometria\results_mmu\kodowanie\37_left_thomasl4_iris_code.npy,C:\Studia\6 sem\biometria\projekt_2_koniec\rozpoznawanie-teczowki-biometria\results_mmu\kodowanie\37_left_thomasl4_iris_mask.npy,2048,1.0,0.02454369260617026,ok
thomasl5.bmp,37_left,C:\Studia\6 sem\biometria\projekt_2_koniec\rozpoznawanie-teczowki-biometria\results_mmu\kodowanie\37_left_thomasl5_iris_code.npy,C:\Studia\6 sem\biometria\projekt_2_koniec\rozpoznawanie-teczowki-biometria\results_mmu\kodowanie\37_left_thomasl5_iris_mask.npy,2048,1.0,0.02454369260617026,ok
thomasr1.bmp,37_right,C:\Studia\6 sem\biometria\projekt_2_koniec\rozpoznawanie-teczowki-biometria\results_mmu\kodowanie\37_right_thomasr1_iris_code.npy,C:\Studia\6 sem\biometria\projekt_2_koniec\rozpoznawanie-teczowki-biometria\results_mmu\kodowanie\37_right_thomasr1_iris_mask.npy,2048,1.0,0.02454369260617026,ok
thomasr2.bmp,37_right,C:\Studia\6 sem\biometria\projekt_2_koniec\rozpoznawanie-teczowki-biometria\results_mmu\kodowanie\37_right_thomasr2_iris_code.npy,C:\Studia\6 sem\biometria\projekt_2_koniec\rozpoznawanie-teczowki-biometria\results_mmu\kodowanie\37_right_thomasr2_iris_mask.npy,2048,1.0,0.02454369260617026,ok
thomasr3.bmp,37_right,C:\Studia\6 sem\biometria\projekt_2_koniec\rozpoznawanie-teczowki-biometria\results_mmu\kodowanie\37_right_thomasr3_iris_code.npy,C:\Studia\6 sem\biometria\projekt_2_koniec\rozpoznawanie-teczowki-biometria\results_mmu\kodowanie\37_right_thomasr3_iris_mask.npy,2048,1.0,0.02454369260617026,ok
thomasr4.bmp,37_right,C:\Studia\6 sem\biometria\projekt_2_koniec\rozpoznawanie-teczowki-biometria\results_mmu\kodowanie\37_right_thomasr4_iris_code.npy,C:\Studia\6 sem\biometria\projekt_2_koniec\rozpoznawanie-teczowki-biometria\results_mmu\kodowanie\37_right_thomasr4_iris_mask.npy,2048,1.0,0.02454369260617026,ok
thomasr5.bmp,37_right,C:\Studia\6 sem\biometria\projekt_2_koniec\rozpoznawanie-teczowki-biometria\results_mmu\kodowanie\37_right_thomasr5_iris_code.npy,C:\Studia\6 sem\biometria\projekt_2_koniec\rozpoznawanie-teczowki-biometria\results_mmu\kodowanie\37_right_thomasr5_iris_mask.npy,2048,1.0,0.02454369260617026,ok
tickl1.bmp,38_left,C:\Studia\6 sem\biometria\projekt_2_koniec\rozpoznawanie-teczowki-biometria\results_mmu\kodowanie\38_left_tickl1_iris_code.npy,C:\Studia\6 sem\biometria\projekt_2_koniec\rozpoznawanie-teczowki-biometria\results_mmu\kodowanie\38_left_tickl1_iris_mask.npy,2048,1.0,0.02454369260617026,ok
tickl2.bmp,38_left,C:\Studia\6 sem\biometria\projekt_2_koniec\rozpoznawanie-teczowki-biometria\results_mmu\kodowanie\38_left_tickl2_iris_code.npy,C:\Studia\6 sem\biometria\projekt_2_koniec\rozpoznawanie-teczowki-biometria\results_mmu\kodowanie\38_left_tickl2_iris_mask.npy,2048,1.0,0.02454369260617026,ok
tickl3.bmp,38_left,C:\Studia\6 sem\biometria\projekt_2_koniec\rozpoznawanie-teczowki-biometria\results_mmu\kodowanie\38_left_tickl3_iris_code.npy,C:\Studia\6 sem\biometria\projekt_2_koniec\rozpoznawanie-teczowki-biometria\results_mmu\kodowanie\38_left_tickl3_iris_mask.npy,2048,1.0,0.02454369260617026,ok
tickl4.bmp,38_left,C:\Studia\6 sem\biometria\projekt_2_koniec\rozpoznawanie-teczowki-biometria\results_mmu\kodowanie\38_left_tickl4_iris_code.npy,C:\Studia\6 sem\biometria\projekt_2_koniec\rozpoznawanie-teczowki-biometria\results_mmu\kodowanie\38_left_tickl4_iris_mask.npy,2048,1.0,0.02454369260617026,ok
tickl5.bmp,38_left,C:\Studia\6 sem\biometria\projekt_2_koniec\rozpoznawanie-teczowki-biometria\results_mmu\kodowanie\38_left_tickl5_iris_code.npy,C:\Studia\6 sem\biometria\projekt_2_koniec\rozpoznawanie-teczowki-biometria\results_mmu\kodowanie\38_left_tickl5_iris_mask.npy,2048,1.0,0.02454369260617026,ok
tickr1.bmp,38_right,C:\Studia\6 sem\biometria\projekt_2_koniec\rozpoznawanie-teczowki-biometria\results_mmu\kodowanie\38_right_tickr1_iris_code.npy,C:\Studia\6 sem\biometria\projekt_2_koniec\rozpoznawanie-teczowki-biometria\results_mmu\kodowanie\38_right_tickr1_iris_mask.npy,2048,1.0,0.02454369260617026,ok
tickr2.bmp,38_right,C:\Studia\6 sem\biometria\projekt_2_koniec\rozpoznawanie-teczowki-biometria\results_mmu\kodowanie\38_right_tickr2_iris_code.npy,C:\Studia\6 sem\biometria\projekt_2_koniec\rozpoznawanie-teczowki-biometria\results_mmu\kodowanie\38_right_tickr2_iris_mask.npy,2048,1.0,0.02454369260617026,ok
tickr3.bmp,38_right,C:\Studia\6 sem\biometria\projekt_2_koniec\rozpoznawanie-teczowki-biometria\results_mmu\kodowanie\38_right_tickr3_iris_code.npy,C:\Studia\6 sem\biometria\projekt_2_koniec\rozpoznawanie-teczowki-biometria\results_mmu\kodowanie\38_right_tickr3_iris_mask.npy,2048,1.0,0.02454369260617026,ok
tickr4.bmp,38_right,C:\Studia\6 sem\biometria\projekt_2_koniec\rozpoznawanie-teczowki-biometria\results_mmu\kodowanie\38_right_tickr4_iris_code.npy,C:\Studia\6 sem\biometria\projekt_2_koniec\rozpoznawanie-teczowki-biometria\results_mmu\kodowanie\38_right_tickr4_iris_mask.npy,2048,1.0,0.02454369260617026,ok
tickr5.bmp,38_right,C:\Studia\6 sem\biometria\projekt_2_koniec\rozpoznawanie-teczowki-biometria\results_mmu\kodowanie\38_right_tickr5_iris_code.npy,C:\Studia\6 sem\biometria\projekt_2_koniec\rozpoznawanie-teczowki-biometria\results_mmu\kodowanie\38_right_tickr5_iris_mask.npy,2048,1.0,0.02454369260617026,ok
tingcyl1.bmp,39_left,C:\Studia\6 sem\biometria\projekt_2_koniec\rozpoznawanie-teczowki-biometria\results_mmu\kodowanie\39_left_tingcyl1_iris_code.npy,C:\Studia\6 sem\biometria\projekt_2_koniec\rozpoznawanie-teczowki-biometria\results_mmu\kodowanie\39_left_tingcyl1_iris_mask.npy,2048,1.0,0.02454369260617026,ok
tingcyl2.bmp,39_left,C:\Studia\6 sem\biometria\projekt_2_koniec\rozpoznawanie-teczowki-biometria\results_mmu\kodowanie\39_left_tingcyl2_iris_code.npy,C:\Studia\6 sem\biometria\projekt_2_koniec\rozpoznawanie-teczowki-biometria\results_mmu\kodowanie\39_left_tingcyl2_iris_mask.npy,2048,1.0,0.02454369260617026,ok
tingcyl3.bmp,39_left,C:\Studia\6 sem\biometria\projekt_2_koniec\rozpoznawanie-teczowki-biometria\results_mmu\kodowanie\39_left_tingcyl3_iris_code.npy,C:\Studia\6 sem\biometria\projekt_2_koniec\rozpoznawanie-teczowki-biometria\results_mmu\kodowanie\39_left_tingcyl3_iris_mask.npy,2048,1.0,0.02454369260617026,ok
tingcyl4.bmp,39_left,C:\Studia\6 sem\biometria\projekt_2_koniec\rozpoznawanie-teczowki-biometria\results_mmu\kodowanie\39_left_tingcyl4_iris_code.npy,C:\Studia\6 sem\biometria\projekt_2_koniec\rozpoznawanie-teczowki-biometria\results_mmu\kodowanie\39_left_tingcyl4_iris_mask.npy,2048,1.0,0.02454369260617026,ok
tingcyl5.bmp,39_left,C:\Studia\6 sem\biometria\projekt_2_koniec\rozpoznawanie-teczowki-biometria\results_mmu\kodowanie\39_left_tingcyl5_iris_code.npy,C:\Studia\6 sem\biometria\projekt_2_koniec\rozpoznawanie-teczowki-biometria\results_mmu\kodowanie\39_left_tingcyl5_iris_mask.npy,2048,1.0,0.02454369260617026,ok
tingcyr1.bmp,39_right,C:\Studia\6 sem\biometria\projekt_2_koniec\rozpoznawanie-teczowki-biometria\results_mmu\kodowanie\39_right_tingcyr1_iris_code.npy,C:\Studia\6 sem\biometria\projekt_2_koniec\rozpoznawanie-teczowki-biometria\results_mmu\kodowanie\39_right_tingcyr1_iris_mask.npy,2048,1.0,0.02454369260617026,ok
tingcyr2.bmp,39_right,C:\Studia\6 sem\biometria\projekt_2_koniec\rozpoznawanie-teczowki-biometria\results_mmu\kodowanie\39_right_tingcyr2_iris_code.npy,C:\Studia\6 sem\biometria\projekt_2_koniec\rozpoznawanie-teczowki-biometria\results_mmu\kodowanie\39_right_tingcyr2_iris_mask.npy,2048,1.0,0.02454369260617026,ok
tingcyr3.bmp,39_right,C:\Studia\6 sem\biometria\projekt_2_koniec\rozpoznawanie-teczowki-biometria\results_mmu\kodowanie\39_right_tingcyr3_iris_code.npy,C:\Studia\6 sem\biometria\projekt_2_koniec\rozpoznawanie-teczowki-biometria\results_mmu\kodowanie\39_right_tingcyr3_iris_mask.npy,2048,1.0,0.02454369260617026,ok
tingcyr4.bmp,39_right,C:\Studia\6 sem\biometria\projekt_2_koniec\rozpoznawanie-teczowki-biometria\results_mmu\kodowanie\39_right_tingcyr4_iris_code.npy,C:\Studia\6 sem\biometria\projekt_2_koniec\rozpoznawanie-teczowki-biometria\results_mmu\kodowanie\39_right_tingcyr4_iris_mask.npy,2048,1.0,0.02454369260617026,ok
tingcyr5.bmp,39_right,C:\Studia\6 sem\biometria\projekt_2_koniec\rozpoznawanie-teczowki-biometria\results_mmu\kodowanie\39_right_tingcyr5_iris_code.npy,C:\Studia\6 sem\biometria\projekt_2_koniec\rozpoznawanie-teczowki-biometria\results_mmu\kodowanie\39_right_tingcyr5_iris_mask.npy,2048,1.0,0.02454369260617026,ok
tonghll1.bmp,40_left,C:\Studia\6 sem\biometria\projekt_2_koniec\rozpoznawanie-teczowki-biometria\results_mmu\kodowanie\40_left_tonghll1_iris_code.npy,C:\Studia\6 sem\biometria\projekt_2_koniec\rozpoznawanie-teczowki-biometria\results_mmu\kodowanie\40_left_tonghll1_iris_mask.npy,2048,1.0,0.02454369260617026,ok
tonghll2.bmp,40_left,C:\Studia\6 sem\biometria\projekt_2_koniec\rozpoznawanie-teczowki-biometria\results_mmu\kodowanie\40_left_tonghll2_iris_code.npy,C:\Studia\6 sem\biometria\projekt_2_koniec\rozpoznawanie-teczowki-biometria\results_mmu\kodowanie\40_left_tonghll2_iris_mask.npy,2048,1.0,0.02454369260617026,ok
tonghll3.bmp,40_left,C:\Studia\6 sem\biometria\projekt_2_koniec\rozpoznawanie-teczowki-biometria\results_mmu\kodowanie\40_left_tonghll3_iris_code.npy,C:\Studia\6 sem\biometria\projekt_2_koniec\rozpoznawanie-teczowki-biometria\results_mmu\kodowanie\40_left_tonghll3_iris_mask.npy,2048,1.0,0.02454369260617026,ok
tonghll4.bmp,40_left,C:\Studia\6 sem\biometria\projekt_2_koniec\rozpoznawanie-teczowki-biometria\results_mmu\kodowanie\40_left_tonghll4_iris_code.npy,C:\Studia\6 sem\biometria\projekt_2_koniec\rozpoznawanie-teczowki-biometria\results_mmu\kodowanie\40_left_tonghll4_iris_mask.npy,2048,1.0,0.02454369260617026,ok
tonghll5.bmp,40_left,C:\Studia\6 sem\biometria\projekt_2_koniec\rozpoznawanie-teczowki-biometria\results_mmu\kodowanie\40_left_tonghll5_iris_code.npy,C:\Studia\6 sem\biometria\projekt_2_koniec\rozpoznawanie-teczowki-biometria\results_mmu\kodowanie\40_left_tonghll5_iris_mask.npy,2048,1.0,0.02454369260617026,ok
tonghlr1.bmp,40_right,C:\Studia\6 sem\biometria\projekt_2_koniec\rozpoznawanie-teczowki-biometria\results_mmu\kodowanie\40_right_tonghlr1_iris_code.npy,C:\Studia\6 sem\biometria\projekt_2_koniec\rozpoznawanie-teczowki-biometria\results_mmu\kodowanie\40_right_tonghlr1_iris_mask.npy,2048,1.0,0.02454369260617026,ok
tonghlr2.bmp,40_right,C:\Studia\6 sem\biometria\projekt_2_koniec\rozpoznawanie-teczowki-biometria\results_mmu\kodowanie\40_right_tonghlr2_iris_code.npy,C:\Studia\6 sem\biometria\projekt_2_koniec\rozpoznawanie-teczowki-biometria\results_mmu\kodowanie\40_right_tonghlr2_iris_mask.npy,2048,1.0,0.02454369260617026,ok
tonghlr3.bmp,40_right,C:\Studia\6 sem\biometria\projekt_2_koniec\rozpoznawanie-teczowki-biometria\results_mmu\kodowanie\40_right_tonghlr3_iris_code.npy,C:\Studia\6 sem\biometria\projekt_2_koniec\rozpoznawanie-teczowki-biometria\results_mmu\kodowanie\40_right_tonghlr3_iris_mask.npy,2048,1.0,0.02454369260617026,ok
tonghlr4.bmp,40_right,C:\Studia\6 sem\biometria\projekt_2_koniec\rozpoznawanie-teczowki-biometria\results_mmu\kodowanie\40_right_tonghlr4_iris_code.npy,C:\Studia\6 sem\biometria\projekt_2_koniec\rozpoznawanie-teczowki-biometria\results_mmu\kodowanie\40_right_tonghlr4_iris_mask.npy,2048,1.0,0.02454369260617026,ok
tonghlr5.bmp,40_right,C:\Studia\6 sem\biometria\projekt_2_koniec\rozpoznawanie-teczowki-biometria\results_mmu\kodowanie\40_right_tonghlr5_iris_code.npy,C:\Studia\6 sem\biometria\projekt_2_koniec\rozpoznawanie-teczowki-biometria\results_mmu\kodowanie\40_right_tonghlr5_iris_mask.npy,2048,1.0,0.02454369260617026,ok
vimalal1.bmp,41_left,C:\Studia\6 sem\biometria\projekt_2_koniec\rozpoznawanie-teczowki-biometria\results_mmu\kodowanie\41_left_vimalal1_iris_code.npy,C:\Studia\6 sem\biometria\projekt_2_koniec\rozpoznawanie-teczowki-biometria\results_mmu\kodowanie\41_left_vimalal1_iris_mask.npy,2048,1.0,0.02454369260617026,ok
vimalal2.bmp,41_left,C:\Studia\6 sem\biometria\projekt_2_koniec\rozpoznawanie-teczowki-biometria\results_mmu\kodowanie\41_left_vimalal2_iris_code.npy,C:\Studia\6 sem\biometria\projekt_2_koniec\rozpoznawanie-teczowki-biometria\results_mmu\kodowanie\41_left_vimalal2_iris_mask.npy,2048,1.0,0.02454369260617026,ok
vimalal3.bmp,41_left,C:\Studia\6 sem\biometria\projekt_2_koniec\rozpoznawanie-teczowki-biometria\results_mmu\kodowanie\41_left_vimalal3_iris_code.npy,C:\Studia\6 sem\biometria\projekt_2_koniec\rozpoznawanie-teczowki-biometria\results_mmu\kodowanie\41_left_vimalal3_iris_mask.npy,2048,1.0,0.02454369260617026,ok
vimalal4.bmp,41_left,C:\Studia\6 sem\biometria\projekt_2_koniec\rozpoznawanie-teczowki-biometria\results_mmu\kodowanie\41_left_vimalal4_iris_code.npy,C:\Studia\6 sem\biometria\projekt_2_koniec\rozpoznawanie-teczowki-biometria\results_mmu\kodowanie\41_left_vimalal4_iris_mask.npy,2048,1.0,0.02454369260617026,ok
vimalal5.bmp,41_left,C:\Studia\6 sem\biometria\projekt_2_koniec\rozpoznawanie-teczowki-biometria\results_mmu\kodowanie\41_left_vimalal5_iris_code.npy,C:\Studia\6 sem\biometria\projekt_2_koniec\rozpoznawanie-teczowki-biometria\results_mmu\kodowanie\41_left_vimalal5_iris_mask.npy,2048,1.0,0.02454369260617026,ok
vimalar1.bmp,41_right,C:\Studia\6 sem\biometria\projekt_2_koniec\rozpoznawanie-teczowki-biometria\results_mmu\kodowanie\41_right_vimalar1_iris_code.npy,C:\Studia\6 sem\biometria\projekt_2_koniec\rozpoznawanie-teczowki-biometria\results_mmu\kodowanie\41_right_vimalar1_iris_mask.npy,2048,1.0,0.02454369260617026,ok
vimalar2.bmp,41_right,C:\Studia\6 sem\biometria\projekt_2_koniec\rozpoznawanie-teczowki-biometria\results_mmu\kodowanie\41_right_vimalar2_iris_code.npy,C:\Studia\6 sem\biometria\projekt_2_koniec\rozpoznawanie-teczowki-biometria\results_mmu\kodowanie\41_right_vimalar2_iris_mask.npy,2048,1.0,0.02454369260617026,ok
vimalar3.bmp,41_right,C:\Studia\6 sem\biometria\projekt_2_koniec\rozpoznawanie-teczowki-biometria\results_mmu\kodowanie\41_right_vimalar3_iris_code.npy,C:\Studia\6 sem\biometria\projekt_2_koniec\rozpoznawanie-teczowki-biometria\results_mmu\kodowanie\41_right_vimalar3_iris_mask.npy,2048,1.0,0.02454369260617026,ok
vimalar4.bmp,41_right,C:\Studia\6 sem\biometria\projekt_2_koniec\rozpoznawanie-teczowki-biometria\results_mmu\kodowanie\41_right_vimalar4_iris_code.npy,C:\Studia\6 sem\biometria\projekt_2_koniec\rozpoznawanie-teczowki-biometria\results_mmu\kodowanie\41_right_vimalar4_iris_mask.npy,2048,1.0,0.02454369260617026,ok
vimalar5.bmp,41_right,C:\Studia\6 sem\biometria\projekt_2_koniec\rozpoznawanie-teczowki-biometria\results_mmu\kodowanie\41_right_vimalar5_iris_code.npy,C:\Studia\6 sem\biometria\projekt_2_koniec\rozpoznawanie-teczowki-biometria\results_mmu\kodowanie\41_right_vimalar5_iris_mask.npy,2048,1.0,0.02454369260617026,ok
weecml1.bmp,42_left,C:\Studia\6 sem\biometria\projekt_2_koniec\rozpoznawanie-teczowki-biometria\results_mmu\kodowanie\42_left_weecml1_iris_code.npy,C:\Studia\6 sem\biometria\projekt_2_koniec\rozpoznawanie-teczowki-biometria\results_mmu\kodowanie\42_left_weecml1_iris_mask.npy,2048,1.0,0.02454369260617026,ok
weecml2.bmp,42_left,C:\Studia\6 sem\biometria\projekt_2_koniec\rozpoznawanie-teczowki-biometria\results_mmu\kodowanie\42_left_weecml2_iris_code.npy,C:\Studia\6 sem\biometria\projekt_2_koniec\rozpoznawanie-teczowki-biometria\results_mmu\kodowanie\42_left_weecml2_iris_mask.npy,2048,1.0,0.02454369260617026,ok
weecml3.bmp,42_left,C:\Studia\6 sem\biometria\projekt_2_koniec\rozpoznawanie-teczowki-biometria\results_mmu\kodowanie\42_left_weecml3_iris_code.npy,C:\Studia\6 sem\biometria\projekt_2_koniec\rozpoznawanie-teczowki-biometria\results_mmu\kodowanie\42_left_weecml3_iris_mask.npy,2048,1.0,0.02454369260617026,ok
weecml4.bmp,42_left,C:\Studia\6 sem\biometria\projekt_2_koniec\rozpoznawanie-teczowki-biometria\results_mmu\kodowanie\42_left_weecml4_iris_code.npy,C:\Studia\6 sem\biometria\projekt_2_koniec\rozpoznawanie-teczowki-biometria\results_mmu\kodowanie\42_left_weecml4_iris_mask.npy,2048,1.0,0.02454369260617026,ok
weecml5.bmp,42_left,C:\Studia\6 sem\biometria\projekt_2_koniec\rozpoznawanie-teczowki-biometria\results_mmu\kodowanie\42_left_weecml5_iris_code.npy,C:\Studia\6 sem\biometria\projekt_2_koniec\rozpoznawanie-teczowki-biometria\results_mmu\kodowanie\42_left_weecml5_iris_mask.npy,2048,1.0,0.02454369260617026,ok
weecmr1.bmp,42_right,C:\Studia\6 sem\biometria\projekt_2_koniec\rozpoznawanie-teczowki-biometria\results_mmu\kodowanie\42_right_weecmr1_iris_code.npy,C:\Studia\6 sem\biometria\projekt_2_koniec\rozpoznawanie-teczowki-biometria\results_mmu\kodowanie\42_right_weecmr1_iris_mask.npy,2048,1.0,0.02454369260617026,ok
weecmr2.bmp,42_right,C:\Studia\6 sem\biometria\projekt_2_koniec\rozpoznawanie-teczowki-biometria\results_mmu\kodowanie\42_right_weecmr2_iris_code.npy,C:\Studia\6 sem\biometria\projekt_2_koniec\rozpoznawanie-teczowki-biometria\results_mmu\kodowanie\42_right_weecmr2_iris_mask.npy,2048,1.0,0.02454369260617026,ok
weecmr3.bmp,42_right,C:\Studia\6 sem\biometria\projekt_2_koniec\rozpoznawanie-teczowki-biometria\results_mmu\kodowanie\42_right_weecmr3_iris_code.npy,C:\Studia\6 sem\biometria\projekt_2_koniec\rozpoznawanie-teczowki-biometria\results_mmu\kodowanie\42_right_weecmr3_iris_mask.npy,2048,1.0,0.02454369260617026,ok
weecmr4.bmp,42_right,C:\Studia\6 sem\biometria\projekt_2_koniec\rozpoznawanie-teczowki-biometria\results_mmu\kodowanie\42_right_weecmr4_iris_code.npy,C:\Studia\6 sem\biometria\projekt_2_koniec\rozpoznawanie-teczowki-biometria\results_mmu\kodowanie\42_right_weecmr4_iris_mask.npy,2048,1.0,0.02454369260617026,ok
weecmr5.bmp,42_right,C:\Studia\6 sem\biometria\projekt_2_koniec\rozpoznawanie-teczowki-biometria\results_mmu\kodowanie\42_right_weecmr5_iris_code.npy,C:\Studia\6 sem\biometria\projekt_2_koniec\rozpoznawanie-teczowki-biometria\results_mmu\kodowanie\42_right_weecmr5_iris_mask.npy,2048,1.0,0.02454369260617026,ok
winl1.bmp,43_left,C:\Studia\6 sem\biometria\projekt_2_koniec\rozpoznawanie-teczowki-biometria\results_mmu\kodowanie\43_left_winl1_iris_code.npy,C:\Studia\6 sem\biometria\projekt_2_koniec\rozpoznawanie-teczowki-biometria\results_mmu\kodowanie\43_left_winl1_iris_mask.npy,2048,1.0,0.02454369260617026,ok
winl2.bmp,43_left,C:\Studia\6 sem\biometria\projekt_2_koniec\rozpoznawanie-teczowki-biometria\results_mmu\kodowanie\43_left_winl2_iris_code.npy,C:\Studia\6 sem\biometria\projekt_2_koniec\rozpoznawanie-teczowki-biometria\results_mmu\kodowanie\43_left_winl2_iris_mask.npy,2048,1.0,0.02454369260617026,ok
winl3.bmp,43_left,C:\Studia\6 sem\biometria\projekt_2_koniec\rozpoznawanie-teczowki-biometria\results_mmu\kodowanie\43_left_winl3_iris_code.npy,C:\Studia\6 sem\biometria\projekt_2_koniec\rozpoznawanie-teczowki-biometria\results_mmu\kodowanie\43_left_winl3_iris_mask.npy,2048,1.0,0.02454369260617026,ok
winl4.bmp,43_left,C:\Studia\6 sem\biometria\projekt_2_koniec\rozpoznawanie-teczowki-biometria\results_mmu\kodowanie\43_left_winl4_iris_code.npy,C:\Studia\6 sem\biometria\projekt_2_koniec\rozpoznawanie-teczowki-biometria\results_mmu\kodowanie\43_left_winl4_iris_mask.npy,2048,1.0,0.02454369260617026,ok
winl5.bmp,43_left,C:\Studia\6 sem\biometria\projekt_2_koniec\rozpoznawanie-teczowki-biometria\results_mmu\kodowanie\43_left_winl5_iris_code.npy,C:\Studia\6 sem\biometria\projekt_2_koniec\rozpoznawanie-teczowki-biometria\results_mmu\kodowanie\43_left_winl5_iris_mask.npy,2048,1.0,0.02454369260617026,ok
winr1.bmp,43_right,C:\Studia\6 sem\biometria\projekt_2_koniec\rozpoznawanie-teczowki-biometria\results_mmu\kodowanie\43_right_winr1_iris_code.npy,C:\Studia\6 sem\biometria\projekt_2_koniec\rozpoznawanie-teczowki-biometria\results_mmu\kodowanie\43_right_winr1_iris_mask.npy,2048,1.0,0.02454369260617026,ok
winr2.bmp,43_right,C:\Studia\6 sem\biometria\projekt_2_koniec\rozpoznawanie-teczowki-biometria\results_mmu\kodowanie\43_right_winr2_iris_code.npy,C:\Studia\6 sem\biometria\projekt_2_koniec\rozpoznawanie-teczowki-biometria\results_mmu\kodowanie\43_right_winr2_iris_mask.npy,2048,1.0,0.02454369260617026,ok
winr3.bmp,43_right,C:\Studia\6 sem\biometria\projekt_2_koniec\rozpoznawanie-teczowki-biometria\results_mmu\kodowanie\43_right_winr3_iris_code.npy,C:\Studia\6 sem\biometria\projekt_2_koniec\rozpoznawanie-teczowki-biometria\results_mmu\kodowanie\43_right_winr3_iris_mask.npy,2048,1.0,0.02454369260617026,ok
winr4.bmp,43_right,C:\Studia\6 sem\biometria\projekt_2_koniec\rozpoznawanie-teczowki-biometria\results_mmu\kodowanie\43_right_winr4_iris_code.npy,C:\Studia\6 sem\biometria\projekt_2_koniec\rozpoznawanie-teczowki-biometria\results_mmu\kodowanie\43_right_winr4_iris_mask.npy,2048,1.0,0.02454369260617026,ok
winr5.bmp,43_right,C:\Studia\6 sem\biometria\projekt_2_koniec\rozpoznawanie-teczowki-biometria\results_mmu\kodowanie\43_right_winr5_iris_code.npy,C:\Studia\6 sem\biometria\projekt_2_koniec\rozpoznawanie-teczowki-biometria\results_mmu\kodowanie\43_right_winr5_iris_mask.npy,2048,1.0,0.02454369260617026,ok
yannl1.bmp,44_left,C:\Studia\6 sem\biometria\projekt_2_koniec\rozpoznawanie-teczowki-biometria\results_mmu\kodowanie\44_left_yannl1_iris_code.npy,C:\Studia\6 sem\biometria\projekt_2_koniec\rozpoznawanie-teczowki-biometria\results_mmu\kodowanie\44_left_yannl1_iris_mask.npy,2048,1.0,0.02454369260617026,ok
yannl2.bmp,44_left,C:\Studia\6 sem\biometria\projekt_2_koniec\rozpoznawanie-teczowki-biometria\results_mmu\kodowanie\44_left_yannl2_iris_code.npy,C:\Studia\6 sem\biometria\projekt_2_koniec\rozpoznawanie-teczowki-biometria\results_mmu\kodowanie\44_left_yannl2_iris_mask.npy,2048,1.0,0.02454369260617026,ok
yannl3.bmp,44_left,C:\Studia\6 sem\biometria\projekt_2_koniec\rozpoznawanie-teczowki-biometria\results_mmu\kodowanie\44_left_yannl3_iris_code.npy,C:\Studia\6 sem\biometria\projekt_2_koniec\rozpoznawanie-teczowki-biometria\results_mmu\kodowanie\44_left_yannl3_iris_mask.npy,2048,1.0,0.02454369260617026,ok
yannl4.bmp,44_left,C:\Studia\6 sem\biometria\projekt_2_koniec\rozpoznawanie-teczowki-biometria\results_mmu\kodowanie\44_left_yannl4_iris_code.npy,C:\Studia\6 sem\biometria\projekt_2_koniec\rozpoznawanie-teczowki-biometria\results_mmu\kodowanie\44_left_yannl4_iris_mask.npy,2048,1.0,0.02454369260617026,ok
yannl5.bmp,44_left,C:\Studia\6 sem\biometria\projekt_2_koniec\rozpoznawanie-teczowki-biometria\results_mmu\kodowanie\44_left_yannl5_iris_code.npy,C:\Studia\6 sem\biometria\projekt_2_koniec\rozpoznawanie-teczowki-biometria\results_mmu\kodowanie\44_left_yannl5_iris_mask.npy,2048,1.0,0.02454369260617026,ok
yannr1.bmp,44_right,C:\Studia\6 sem\biometria\projekt_2_koniec\rozpoznawanie-teczowki-biometria\results_mmu\kodowanie\44_right_yannr1_iris_code.npy,C:\Studia\6 sem\biometria\projekt_2_koniec\rozpoznawanie-teczowki-biometria\results_mmu\kodowanie\44_right_yannr1_iris_mask.npy,2048,1.0,0.02454369260617026,ok
yannr2.bmp,44_right,C:\Studia\6 sem\biometria\projekt_2_koniec\rozpoznawanie-teczowki-biometria\results_mmu\kodowanie\44_right_yannr2_iris_code.npy,C:\Studia\6 sem\biometria\projekt_2_koniec\rozpoznawanie-teczowki-biometria\results_mmu\kodowanie\44_right_yannr2_iris_mask.npy,2048,1.0,0.02454369260617026,ok
yannr3.bmp,44_right,C:\Studia\6 sem\biometria\projekt_2_koniec\rozpoznawanie-teczowki-biometria\results_mmu\kodowanie\44_right_yannr3_iris_code.npy,C:\Studia\6 sem\biometria\projekt_2_koniec\rozpoznawanie-teczowki-biometria\results_mmu\kodowanie\44_right_yannr3_iris_mask.npy,2048,1.0,0.02454369260617026,ok
yannr4.bmp,44_right,C:\Studia\6 sem\biometria\projekt_2_koniec\rozpoznawanie-teczowki-biometria\results_mmu\kodowanie\44_right_yannr4_iris_code.npy,C:\Studia\6 sem\biometria\projekt_2_koniec\rozpoznawanie-teczowki-biometria\results_mmu\kodowanie\44_right_yannr4_iris_mask.npy,2048,1.0,0.02454369260617026,ok
yannr5.bmp,44_right,C:\Studia\6 sem\biometria\projekt_2_koniec\rozpoznawanie-teczowki-biometria\results_mmu\kodowanie\44_right_yannr5_iris_code.npy,C:\Studia\6 sem\biometria\projekt_2_koniec\rozpoznawanie-teczowki-biometria\results_mmu\kodowanie\44_right_yannr5_iris_mask.npy,2048,1.0,0.02454369260617026,ok
zaridahl1.bmp,45_left,C:\Studia\6 sem\biometria\projekt_2_koniec\rozpoznawanie-teczowki-biometria\results_mmu\kodowanie\45_left_zaridahl1_iris_code.npy,C:\Studia\6 sem\biometria\projekt_2_koniec\rozpoznawanie-teczowki-biometria\results_mmu\kodowanie\45_left_zaridahl1_iris_mask.npy,2048,1.0,0.02454369260617026,ok
zaridahl2.bmp,45_left,C:\Studia\6 sem\biometria\projekt_2_koniec\rozpoznawanie-teczowki-biometria\results_mmu\kodowanie\45_left_zaridahl2_iris_code.npy,C:\Studia\6 sem\biometria\projekt_2_koniec\rozpoznawanie-teczowki-biometria\results_mmu\kodowanie\45_left_zaridahl2_iris_mask.npy,2048,1.0,0.02454369260617026,ok
zaridahl3.bmp,45_left,C:\Studia\6 sem\biometria\projekt_2_koniec\rozpoznawanie-teczowki-biometria\results_mmu\kodowanie\45_left_zaridahl3_iris_code.npy,C:\Studia\6 sem\biometria\projekt_2_koniec\rozpoznawanie-teczowki-biometria\results_mmu\kodowanie\45_left_zaridahl3_iris_mask.npy,2048,1.0,0.02454369260617026,ok
zaridahl4.bmp,45_left,C:\Studia\6 sem\biometria\projekt_2_koniec\rozpoznawanie-teczowki-biometria\results_mmu\kodowanie\45_left_zaridahl4_iris_code.npy,C:\Studia\6 sem\biometria\projekt_2_koniec\rozpoznawanie-teczowki-biometria\results_mmu\kodowanie\45_left_zaridahl4_iris_mask.npy,2048,1.0,0.02454369260617026,ok
zaridahl5.bmp,45_left,C:\Studia\6 sem\biometria\projekt_2_koniec\rozpoznawanie-teczowki-biometria\results_mmu\kodowanie\45_left_zaridahl5_iris_code.npy,C:\Studia\6 sem\biometria\projekt_2_koniec\rozpoznawanie-teczowki-biometria\results_mmu\kodowanie\45_left_zaridahl5_iris_mask.npy,2048,1.0,0.02454369260617026,ok
zaridahr1.bmp,45_right,C:\Studia\6 sem\biometria\projekt_2_koniec\rozpoznawanie-teczowki-biometria\results_mmu\kodowanie\45_right_zaridahr1_iris_code.npy,C:\Studia\6 sem\biometria\projekt_2_koniec\rozpoznawanie-teczowki-biometria\results_mmu\kodowanie\45_right_zaridahr1_iris_mask.npy,2048,1.0,0.02454369260617026,ok
zaridahr2.bmp,45_right,C:\Studia\6 sem\biometria\projekt_2_koniec\rozpoznawanie-teczowki-biometria\results_mmu\kodowanie\45_right_zaridahr2_iris_code.npy,C:\Studia\6 sem\biometria\projekt_2_koniec\rozpoznawanie-teczowki-biometria\results_mmu\kodowanie\45_right_zaridahr2_iris_mask.npy,2048,1.0,0.02454369260617026,ok
zaridahr3.bmp,45_right,C:\Studia\6 sem\biometria\projekt_2_koniec\rozpoznawanie-teczowki-biometria\results_mmu\kodowanie\45_right_zaridahr3_iris_code.npy,C:\Studia\6 sem\biometria\projekt_2_koniec\rozpoznawanie-teczowki-biometria\results_mmu\kodowanie\45_right_zaridahr3_iris_mask.npy,2048,1.0,0.02454369260617026,ok
zaridahr4.bmp,45_right,C:\Studia\6 sem\biometria\projekt_2_koniec\rozpoznawanie-teczowki-biometria\results_mmu\kodowanie\45_right_zaridahr4_iris_code.npy,C:\Studia\6 sem\biometria\projekt_2_koniec\rozpoznawanie-teczowki-biometria\results_mmu\kodowanie\45_right_zaridahr4_iris_mask.npy,2048,1.0,0.02454369260617026,ok
zaridahr5.bmp,45_right,C:\Studia\6 sem\biometria\projekt_2_koniec\rozpoznawanie-teczowki-biometria\results_mmu\kodowanie\45_right_zaridahr5_iris_code.npy,C:\Studia\6 sem\biometria\projekt_2_koniec\rozpoznawanie-teczowki-biometria\results_mmu\kodowanie\45_right_zaridahr5_iris_mask.npy,2048,1.0,0.02454369260617026,ok
zulaikahl1.bmp,46_left,C:\Studia\6 sem\biometria\projekt_2_koniec\rozpoznawanie-teczowki-biometria\results_mmu\kodowanie\46_left_zulaikahl1_iris_code.npy,C:\Studia\6 sem\biometria\projekt_2_koniec\rozpoznawanie-teczowki-biometria\results_mmu\kodowanie\46_left_zulaikahl1_iris_mask.npy,2048,1.0,0.02454369260617026,ok
zulaikahl2.bmp,46_left,C:\Studia\6 sem\biometria\projekt_2_koniec\rozpoznawanie-teczowki-biometria\results_mmu\kodowanie\46_left_zulaikahl2_iris_code.npy,C:\Studia\6 sem\biometria\projekt_2_koniec\rozpoznawanie-teczowki-biometria\results_mmu\kodowanie\46_left_zulaikahl2_iris_mask.npy,2048,1.0,0.02454369260617026,ok
zulaikahl3.bmp,46_left,C:\Studia\6 sem\biometria\projekt_2_koniec\rozpoznawanie-teczowki-biometria\results_mmu\kodowanie\46_left_zulaikahl3_iris_code.npy,C:\Studia\6 sem\biometria\projekt_2_koniec\rozpoznawanie-teczowki-biometria\results_mmu\kodowanie\46_left_zulaikahl3_iris_mask.npy,2048,1.0,0.02454369260617026,ok
zulaikahl4.bmp,46_left,C:\Studia\6 sem\biometria\projekt_2_koniec\rozpoznawanie-teczowki-biometria\results_mmu\kodowanie\46_left_zulaikahl4_iris_code.npy,C:\Studia\6 sem\biometria\projekt_2_koniec\rozpoznawanie-teczowki-biometria\results_mmu\kodowanie\46_left_zulaikahl4_iris_mask.npy,2048,1.0,0.02454369260617026,ok
zulaikahl5.bmp,46_left,C:\Studia\6 sem\biometria\projekt_2_koniec\rozpoznawanie-teczowki-biometria\results_mmu\kodowanie\46_left_zulaikahl5_iris_code.npy,C:\Studia\6 sem\biometria\projekt_2_koniec\rozpoznawanie-teczowki-biometria\results_mmu\kodowanie\46_left_zulaikahl5_iris_mask.npy,2048,1.0,0.02454369260617026,ok
zulaikahr1.bmp,46_right,C:\Studia\6 sem\biometria\projekt_2_koniec\rozpoznawanie-teczowki-biometria\results_mmu\kodowanie\46_right_zulaikahr1_iris_code.npy,C:\Studia\6 sem\biometria\projekt_2_koniec\rozpoznawanie-teczowki-biometria\results_mmu\kodowanie\46_right_zulaikahr1_iris_mask.npy,2048,1.0,0.02454369260617026,ok
zulaikahr2.bmp,46_right,C:\Studia\6 sem\biometria\projekt_2_koniec\rozpoznawanie-teczowki-biometria\results_mmu\kodowanie\46_right_zulaikahr2_iris_code.npy,C:\Studia\6 sem\biometria\projekt_2_koniec\rozpoznawanie-teczowki-biometria\results_mmu\kodowanie\46_right_zulaikahr2_iris_mask.npy,2048,1.0,0.02454369260617026,ok
zulaikahr3.bmp,46_right,C:\Studia\6 sem\biometria\projekt_2_koniec\rozpoznawanie-teczowki-biometria\results_mmu\kodowanie\46_right_zulaikahr3_iris_code.npy,C:\Studia\6 sem\biometria\projekt_2_koniec\rozpoznawanie-teczowki-biometria\results_mmu\kodowanie\46_right_zulaikahr3_iris_mask.npy,2048,1.0,0.02454369260617026,ok
zulaikahr4.bmp,46_right,C:\Studia\6 sem\biometria\projekt_2_koniec\rozpoznawanie-teczowki-biometria\results_mmu\kodowanie\46_right_zulaikahr4_iris_code.npy,C:\Studia\6 sem\biometria\projekt_2_koniec\rozpoznawanie-teczowki-biometria\results_mmu\kodowanie\46_right_zulaikahr4_iris_mask.npy,2048,1.0,0.02454369260617026,ok
zulaikahr5.bmp,46_right,C:\Studia\6 sem\biometria\projekt_2_koniec\rozpoznawanie-teczowki-biometria\results_mmu\kodowanie\46_right_zulaikahr5_iris_code.npy,C:\Studia\6 sem\biometria\projekt_2_koniec\rozpoznawanie-teczowki-biometria\results_mmu\kodowanie\46_right_zulaikahr5_iris_mask.npy,2048,1.0,0.02454369260617026,ok
chongpkl1.bmp,5_left,C:\Studia\6 sem\biometria\projekt_2_koniec\rozpoznawanie-teczowki-biometria\results_mmu\kodowanie\5_left_chongpkl1_iris_code.npy,C:\Studia\6 sem\biometria\projekt_2_koniec\rozpoznawanie-teczowki-biometria\results_mmu\kodowanie\5_left_chongpkl1_iris_mask.npy,2048,1.0,0.02454369260617026,ok
chongpkl2.bmp,5_left,C:\Studia\6 sem\biometria\projekt_2_koniec\rozpoznawanie-teczowki-biometria\results_mmu\kodowanie\5_left_chongpkl2_iris_code.npy,C:\Studia\6 sem\biometria\projekt_2_koniec\rozpoznawanie-teczowki-biometria\results_mmu\kodowanie\5_left_chongpkl2_iris_mask.npy,2048,1.0,0.02454369260617026,ok
chongpkl3.bmp,5_left,C:\Studia\6 sem\biometria\projekt_2_koniec\rozpoznawanie-teczowki-biometria\results_mmu\kodowanie\5_left_chongpkl3_iris_code.npy,C:\Studia\6 sem\biometria\projekt_2_koniec\rozpoznawanie-teczowki-biometria\results_mmu\kodowanie\5_left_chongpkl3_iris_mask.npy,2048,1.0,0.02454369260617026,ok
chongpkl4.bmp,5_left,C:\Studia\6 sem\biometria\projekt_2_koniec\rozpoznawanie-teczowki-biometria\results_mmu\kodowanie\5_left_chongpkl4_iris_code.npy,C:\Studia\6 sem\biometria\projekt_2_koniec\rozpoznawanie-teczowki-biometria\results_mmu\kodowanie\5_left_chongpkl4_iris_mask.npy,2048,1.0,0.02454369260617026,ok
chongpkl5.bmp,5_left,C:\Studia\6 sem\biometria\projekt_2_koniec\rozpoznawanie-teczowki-biometria\results_mmu\kodowanie\5_left_chongpkl5_iris_code.npy,C:\Studia\6 sem\biometria\projekt_2_koniec\rozpoznawanie-teczowki-biometria\results_mmu\kodowanie\5_left_chongpkl5_iris_mask.npy,2048,1.0,0.02454369260617026,ok
chongpkr1.bmp,5_right,C:\Studia\6 sem\biometria\projekt_2_koniec\rozpoznawanie-teczowki-biometria\results_mmu\kodowanie\5_right_chongpkr1_iris_code.npy,C:\Studia\6 sem\biometria\projekt_2_koniec\rozpoznawanie-teczowki-biometria\results_mmu\kodowanie\5_right_chongpkr1_iris_mask.npy,2048,1.0,0.02454369260617026,ok
chongpkr2.bmp,5_right,C:\Studia\6 sem\biometria\projekt_2_koniec\rozpoznawanie-teczowki-biometria\results_mmu\kodowanie\5_right_chongpkr2_iris_code.npy,C:\Studia\6 sem\biometria\projekt_2_koniec\rozpoznawanie-teczowki-biometria\results_mmu\kodowanie\5_right_chongpkr2_iris_mask.npy,2048,1.0,0.02454369260617026,ok
chongpkr3.bmp,5_right,C:\Studia\6 sem\biometria\projekt_2_koniec\rozpoznawanie-teczowki-biometria\results_mmu\kodowanie\5_right_chongpkr3_iris_code.npy,C:\Studia\6 sem\biometria\projekt_2_koniec\rozpoznawanie-teczowki-biometria\results_mmu\kodowanie\5_right_chongpkr3_iris_mask.npy,2048,1.0,0.02454369260617026,ok
chongpkr4.bmp,5_right,C:\Studia\6 sem\biometria\projekt_2_koniec\rozpoznawanie-teczowki-biometria\results_mmu\kodowanie\5_right_chongpkr4_iris_code.npy,C:\Studia\6 sem\biometria\projekt_2_koniec\rozpoznawanie-teczowki-biometria\results_mmu\kodowanie\5_right_chongpkr4_iris_mask.npy,2048,1.0,0.02454369260617026,ok
chongpkr5.bmp,5_right,C:\Studia\6 sem\biometria\projekt_2_koniec\rozpoznawanie-teczowki-biometria\results_mmu\kodowanie\5_right_chongpkr5_iris_code.npy,C:\Studia\6 sem\biometria\projekt_2_koniec\rozpoznawanie-teczowki-biometria\results_mmu\kodowanie\5_right_chongpkr5_iris_mask.npy,2048,1.0,0.02454369260617026,ok
christinel1.bmp,6_left,C:\Studia\6 sem\biometria\projekt_2_koniec\rozpoznawanie-teczowki-biometria\results_mmu\kodowanie\6_left_christinel1_iris_code.npy,C:\Studia\6 sem\biometria\projekt_2_koniec\rozpoznawanie-teczowki-biometria\results_mmu\kodowanie\6_left_christinel1_iris_mask.npy,2048,1.0,0.02454369260617026,ok
christinel2.bmp,6_left,C:\Studia\6 sem\biometria\projekt_2_koniec\rozpoznawanie-teczowki-biometria\results_mmu\kodowanie\6_left_christinel2_iris_code.npy,C:\Studia\6 sem\biometria\projekt_2_koniec\rozpoznawanie-teczowki-biometria\results_mmu\kodowanie\6_left_christinel2_iris_mask.npy,2048,1.0,0.02454369260617026,ok
christinel3.bmp,6_left,C:\Studia\6 sem\biometria\projekt_2_koniec\rozpoznawanie-teczowki-biometria\results_mmu\kodowanie\6_left_christinel3_iris_code.npy,C:\Studia\6 sem\biometria\projekt_2_koniec\rozpoznawanie-teczowki-biometria\results_mmu\kodowanie\6_left_christinel3_iris_mask.npy,2048,1.0,0.02454369260617026,ok
christinel4.bmp,6_left,C:\Studia\6 sem\biometria\projekt_2_koniec\rozpoznawanie-teczowki-biometria\results_mmu\kodowanie\6_left_christinel4_iris_code.npy,C:\Studia\6 sem\biometria\projekt_2_koniec\rozpoznawanie-teczowki-biometria\results_mmu\kodowanie\6_left_christinel4_iris_mask.npy,2048,1.0,0.02454369260617026,ok
christinel5.bmp,6_left,C:\Studia\6 sem\biometria\projekt_2_koniec\rozpoznawanie-teczowki-biometria\results_mmu\kodowanie\6_left_christinel5_iris_code.npy,C:\Studia\6 sem\biometria\projekt_2_koniec\rozpoznawanie-teczowki-biometria\results_mmu\kodowanie\6_left_christinel5_iris_mask.npy,2048,1.0,0.02454369260617026,ok
christiner1.bmp,6_right,C:\Studia\6 sem\biometria\projekt_2_koniec\rozpoznawanie-teczowki-biometria\results_mmu\kodowanie\6_right_christiner1_iris_code.npy,C:\Studia\6 sem\biometria\projekt_2_koniec\rozpoznawanie-teczowki-biometria\results_mmu\kodowanie\6_right_christiner1_iris_mask.npy,2048,1.0,0.02454369260617026,ok
christiner2.bmp,6_right,C:\Studia\6 sem\biometria\projekt_2_koniec\rozpoznawanie-teczowki-biometria\results_mmu\kodowanie\6_right_christiner2_iris_code.npy,C:\Studia\6 sem\biometria\projekt_2_koniec\rozpoznawanie-teczowki-biometria\results_mmu\kodowanie\6_right_christiner2_iris_mask.npy,2048,1.0,0.02454369260617026,ok
christiner3.bmp,6_right,C:\Studia\6 sem\biometria\projekt_2_koniec\rozpoznawanie-teczowki-biometria\results_mmu\kodowanie\6_right_christiner3_iris_code.npy,C:\Studia\6 sem\biometria\projekt_2_koniec\rozpoznawanie-teczowki-biometria\results_mmu\kodowanie\6_right_christiner3_iris_mask.npy,2048,1.0,0.02454369260617026,ok
christiner4.bmp,6_right,C:\Studia\6 sem\biometria\projekt_2_koniec\rozpoznawanie-teczowki-biometria\results_mmu\kodowanie\6_right_christiner4_iris_code.npy,C:\Studia\6 sem\biometria\projekt_2_koniec\rozpoznawanie-teczowki-biometria\results_mmu\kodowanie\6_right_christiner4_iris_mask.npy,2048,1.0,0.02454369260617026,ok
christiner5.bmp,6_right,C:\Studia\6 sem\biometria\projekt_2_koniec\rozpoznawanie-teczowki-biometria\results_mmu\kodowanie\6_right_christiner5_iris_code.npy,C:\Studia\6 sem\biometria\projekt_2_koniec\rozpoznawanie-teczowki-biometria\results_mmu\kodowanie\6_right_christiner5_iris_mask.npy,2048,1.0,0.02454369260617026,ok
chualsl1.bmp,7_left,C:\Studia\6 sem\biometria\projekt_2_koniec\rozpoznawanie-teczowki-biometria\results_mmu\kodowanie\7_left_chualsl1_iris_code.npy,C:\Studia\6 sem\biometria\projekt_2_koniec\rozpoznawanie-teczowki-biometria\results_mmu\kodowanie\7_left_chualsl1_iris_mask.npy,2048,1.0,0.02454369260617026,ok
chualsl2.bmp,7_left,C:\Studia\6 sem\biometria\projekt_2_koniec\rozpoznawanie-teczowki-biometria\results_mmu\kodowanie\7_left_chualsl2_iris_code.npy,C:\Studia\6 sem\biometria\projekt_2_koniec\rozpoznawanie-teczowki-biometria\results_mmu\kodowanie\7_left_chualsl2_iris_mask.npy,2048,1.0,0.02454369260617026,ok
chualsl3.bmp,7_left,C:\Studia\6 sem\biometria\projekt_2_koniec\rozpoznawanie-teczowki-biometria\results_mmu\kodowanie\7_left_chualsl3_iris_code.npy,C:\Studia\6 sem\biometria\projekt_2_koniec\rozpoznawanie-teczowki-biometria\results_mmu\kodowanie\7_left_chualsl3_iris_mask.npy,2048,1.0,0.02454369260617026,ok
chualsl4.bmp,7_left,C:\Studia\6 sem\biometria\projekt_2_koniec\rozpoznawanie-teczowki-biometria\results_mmu\kodowanie\7_left_chualsl4_iris_code.npy,C:\Studia\6 sem\biometria\projekt_2_koniec\rozpoznawanie-teczowki-biometria\results_mmu\kodowanie\7_left_chualsl4_iris_mask.npy,2048,1.0,0.02454369260617026,ok
chualsl5.bmp,7_left,C:\Studia\6 sem\biometria\projekt_2_koniec\rozpoznawanie-teczowki-biometria\results_mmu\kodowanie\7_left_chualsl5_iris_code.npy,C:\Studia\6 sem\biometria\projekt_2_koniec\rozpoznawanie-teczowki-biometria\results_mmu\kodowanie\7_left_chualsl5_iris_mask.npy,2048,1.0,0.02454369260617026,ok
chualsr1.bmp,7_right,C:\Studia\6 sem\biometria\projekt_2_koniec\rozpoznawanie-teczowki-biometria\results_mmu\kodowanie\7_right_chualsr1_iris_code.npy,C:\Studia\6 sem\biometria\projekt_2_koniec\rozpoznawanie-teczowki-biometria\results_mmu\kodowanie\7_right_chualsr1_iris_mask.npy,2048,1.0,0.02454369260617026,ok
chualsr2.bmp,7_right,C:\Studia\6 sem\biometria\projekt_2_koniec\rozpoznawanie-teczowki-biometria\results_mmu\kodowanie\7_right_chualsr2_iris_code.npy,C:\Studia\6 sem\biometria\projekt_2_koniec\rozpoznawanie-teczowki-biometria\results_mmu\kodowanie\7_right_chualsr2_iris_mask.npy,2048,1.0,0.02454369260617026,ok
chualsr3.bmp,7_right,C:\Studia\6 sem\biometria\projekt_2_koniec\rozpoznawanie-teczowki-biometria\results_mmu\kodowanie\7_right_chualsr3_iris_code.npy,C:\Studia\6 sem\biometria\projekt_2_koniec\rozpoznawanie-teczowki-biometria\results_mmu\kodowanie\7_right_chualsr3_iris_mask.npy,2048,1.0,0.02454369260617026,ok
chualsr4.bmp,7_right,C:\Studia\6 sem\biometria\projekt_2_koniec\rozpoznawanie-teczowki-biometria\results_mmu\kodowanie\7_right_chualsr4_iris_code.npy,C:\Studia\6 sem\biometria\projekt_2_koniec\rozpoznawanie-teczowki-biometria\results_mmu\kodowanie\7_right_chualsr4_iris_mask.npy,2048,1.0,0.02454369260617026,ok
chualsr5.bmp,7_right,C:\Studia\6 sem\biometria\projekt_2_koniec\rozpoznawanie-teczowki-biometria\results_mmu\kodowanie\7_right_chualsr5_iris_code.npy,C:\Studia\6 sem\biometria\projekt_2_koniec\rozpoznawanie-teczowki-biometria\results_mmu\kodowanie\7_right_chualsr5_iris_mask.npy,2048,1.0,0.02454369260617026,ok
eugenehol1.bmp,8_left,C:\Studia\6 sem\biometria\projekt_2_koniec\rozpoznawanie-teczowki-biometria\results_mmu\kodowanie\8_left_eugenehol1_iris_code.npy,C:\Studia\6 sem\biometria\projekt_2_koniec\rozpoznawanie-teczowki-biometria\results_mmu\kodowanie\8_left_eugenehol1_iris_mask.npy,2048,1.0,0.02454369260617026,ok
eugenehol2.bmp,8_left,C:\Studia\6 sem\biometria\projekt_2_koniec\rozpoznawanie-teczowki-biometria\results_mmu\kodowanie\8_left_eugenehol2_iris_code.npy,C:\Studia\6 sem\biometria\projekt_2_koniec\rozpoznawanie-teczowki-biometria\results_mmu\kodowanie\8_left_eugenehol2_iris_mask.npy,2048,1.0,0.02454369260617026,ok
eugenehol3.bmp,8_left,C:\Studia\6 sem\biometria\projekt_2_koniec\rozpoznawanie-teczowki-biometria\results_mmu\kodowanie\8_left_eugenehol3_iris_code.npy,C:\Studia\6 sem\biometria\projekt_2_koniec\rozpoznawanie-teczowki-biometria\results_mmu\kodowanie\8_left_eugenehol3_iris_mask.npy,2048,1.0,0.02454369260617026,ok
eugenehol4.bmp,8_left,C:\Studia\6 sem\biometria\projekt_2_koniec\rozpoznawanie-teczowki-biometria\results_mmu\kodowanie\8_left_eugenehol4_iris_code.npy,C:\Studia\6 sem\biometria\projekt_2_koniec\rozpoznawanie-teczowki-biometria\results_mmu\kodowanie\8_left_eugenehol4_iris_mask.npy,2048,1.0,0.02454369260617026,ok
eugenehol5.bmp,8_left,C:\Studia\6 sem\biometria\projekt_2_koniec\rozpoznawanie-teczowki-biometria\results_mmu\kodowanie\8_left_eugenehol5_iris_code.npy,C:\Studia\6 sem\biometria\projekt_2_koniec\rozpoznawanie-teczowki-biometria\results_mmu\kodowanie\8_left_eugenehol5_iris_mask.npy,2048,1.0,0.02454369260617026,ok
eugenehor1.bmp,8_right,C:\Studia\6 sem\biometria\projekt_2_koniec\rozpoznawanie-teczowki-biometria\results_mmu\kodowanie\8_right_eugenehor1_iris_code.npy,C:\Studia\6 sem\biometria\projekt_2_koniec\rozpoznawanie-teczowki-biometria\results_mmu\kodowanie\8_right_eugenehor1_iris_mask.npy,2048,1.0,0.02454369260617026,ok
eugenehor2.bmp,8_right,C:\Studia\6 sem\biometria\projekt_2_koniec\rozpoznawanie-teczowki-biometria\results_mmu\kodowanie\8_right_eugenehor2_iris_code.npy,C:\Studia\6 sem\biometria\projekt_2_koniec\rozpoznawanie-teczowki-biometria\results_mmu\kodowanie\8_right_eugenehor2_iris_mask.npy,2048,1.0,0.02454369260617026,ok
eugenehor3.bmp,8_right,C:\Studia\6 sem\biometria\projekt_2_koniec\rozpoznawanie-teczowki-biometria\results_mmu\kodowanie\8_right_eugenehor3_iris_code.npy,C:\Studia\6 sem\biometria\projekt_2_koniec\rozpoznawanie-teczowki-biometria\results_mmu\kodowanie\8_right_eugenehor3_iris_mask.npy,2048,1.0,0.02454369260617026,ok
eugenehor4.bmp,8_right,C:\Studia\6 sem\biometria\projekt_2_koniec\rozpoznawanie-teczowki-biometria\results_mmu\kodowanie\8_right_eugenehor4_iris_code.npy,C:\Studia\6 sem\biometria\projekt_2_koniec\rozpoznawanie-teczowki-biometria\results_mmu\kodowanie\8_right_eugenehor4_iris_mask.npy,2048,1.0,0.02454369260617026,ok
eugenehor5.bmp,8_right,C:\Studia\6 sem\biometria\projekt_2_koniec\rozpoznawanie-teczowki-biometria\results_mmu\kodowanie\8_right_eugenehor5_iris_code.npy,C:\Studia\6 sem\biometria\projekt_2_koniec\rozpoznawanie-teczowki-biometria\results_mmu\kodowanie\8_right_eugenehor5_iris_mask.npy,2048,1.0,0.02454369260617026,ok
fatmal1.bmp,9_left,C:\Studia\6 sem\biometria\projekt_2_koniec\rozpoznawanie-teczowki-biometria\results_mmu\kodowanie\9_left_fatmal1_iris_code.npy,C:\Studia\6 sem\biometria\projekt_2_koniec\rozpoznawanie-teczowki-biometria\results_mmu\kodowanie\9_left_fatmal1_iris_mask.npy,2048,1.0,0.02454369260617026,ok
fatmal2.bmp,9_left,C:\Studia\6 sem\biometria\projekt_2_koniec\rozpoznawanie-teczowki-biometria\results_mmu\kodowanie\9_left_fatmal2_iris_code.npy,C:\Studia\6 sem\biometria\projekt_2_koniec\rozpoznawanie-teczowki-biometria\results_mmu\kodowanie\9_left_fatmal2_iris_mask.npy,2048,1.0,0.02454369260617026,ok
fatmal3.bmp,9_left,C:\Studia\6 sem\biometria\projekt_2_koniec\rozpoznawanie-teczowki-biometria\results_mmu\kodowanie\9_left_fatmal3_iris_code.npy,C:\Studia\6 sem\biometria\projekt_2_koniec\rozpoznawanie-teczowki-biometria\results_mmu\kodowanie\9_left_fatmal3_iris_mask.npy,2048,1.0,0.02454369260617026,ok
fatmal4.bmp,9_left,C:\Studia\6 sem\biometria\projekt_2_koniec\rozpoznawanie-teczowki-biometria\results_mmu\kodowanie\9_left_fatmal4_iris_code.npy,C:\Studia\6 sem\biometria\projekt_2_koniec\rozpoznawanie-teczowki-biometria\results_mmu\kodowanie\9_left_fatmal4_iris_mask.npy,2048,1.0,0.02454369260617026,ok
fatmal5.bmp,9_left,C:\Studia\6 sem\biometria\projekt_2_koniec\rozpoznawanie-teczowki-biometria\results_mmu\kodowanie\9_left_fatmal5_iris_code.npy,C:\Studia\6 sem\biometria\projekt_2_koniec\rozpoznawanie-teczowki-biometria\results_mmu\kodowanie\9_left_fatmal5_iris_mask.npy,2048,1.0,0.02454369260617026,ok
fatmar1.bmp,9_right,C:\Studia\6 sem\biometria\projekt_2_koniec\rozpoznawanie-teczowki-biometria\results_mmu\kodowanie\9_right_fatmar1_iris_code.npy,C:\Studia\6 sem\biometria\projekt_2_koniec\rozpoznawanie-teczowki-biometria\results_mmu\kodowanie\9_right_fatmar1_iris_mask.npy,2048,1.0,0.02454369260617026,ok
fatmar2.bmp,9_right,C:\Studia\6 sem\biometria\projekt_2_koniec\rozpoznawanie-teczowki-biometria\results_mmu\kodowanie\9_right_fatmar2_iris_code.npy,C:\Studia\6 sem\biometria\projekt_2_koniec\rozpoznawanie-teczowki-biometria\results_mmu\kodowanie\9_right_fatmar2_iris_mask.npy,2048,1.0,0.02454369260617026,ok
fatmar3.bmp,9_right,C:\Studia\6 sem\biometria\projekt_2_koniec\rozpoznawanie-teczowki-biometria\results_mmu\kodowanie\9_right_fatmar3_iris_code.npy,C:\Studia\6 sem\biometria\projekt_2_koniec\rozpoznawanie-teczowki-biometria\results_mmu\kodowanie\9_right_fatmar3_iris_mask.npy,2048,1.0,0.02454369260617026,ok
fatmar4.bmp,9_right,C:\Studia\6 sem\biometria\projekt_2_koniec\rozpoznawanie-teczowki-biometria\results_mmu\kodowanie\9_right_fatmar4_iris_code.npy,C:\Studia\6 sem\biometria\projekt_2_koniec\rozpoznawanie-teczowki-biometria\results_mmu\kodowanie\9_right_fatmar4_iris_mask.npy,2048,1.0,0.02454369260617026,ok
fatmar5.bmp,9_right,C:\Studia\6 sem\biometria\projekt_2_koniec\rozpoznawanie-teczowki-biometria\results_mmu\kodowanie\9_right_fatmar5_iris_code.npy,C:\Studia\6 sem\biometria\projekt_2_koniec\rozpoznawanie-teczowki-biometria\results_mmu\kodowanie\9_right_fatmar5_iris_mask.npy,2048,1.0,0.02454369260617026,ok
