image,normalized_png,normalized_npy,height,width,radial_bands,angular_samples,status
aeval1.bmp,C:\Studia\6 sem\biometria\projekt_2_koniec\rozpoznawanie-teczowki-biometria\results_mmu\normalizacja\1_left_aeval1_normalized.png,C:\Studia\6 sem\biometria\projekt_2_koniec\rozpoznawanie-teczowki-biometria\results_mmu\normalizacja\1_left_aeval1_normalized.npy,128,128,8,128,ok
aeval2.bmp,C:\Studia\6 sem\biometria\projekt_2_koniec\rozpoznawanie-teczowki-biometria\results_mmu\normalizacja\1_left_aeval2_normalized.png,C:\Studia\6 sem\biometria\projekt_2_koniec\rozpoznawanie-teczowki-biometria\results_mmu\normalizacja\1_left_aeval2_normalized.npy,128,128,8,128,ok
aeval3.bmp,C:\Studia\6 sem\biometria\projekt_2_koniec\rozpoznawanie-teczowki-biometria\results_mmu\normalizacja\1_left_aeval3_normalized.png,C:\Studia\6 sem\biometria\projekt_2_koniec\rozpoznawanie-teczowki-biometria\results_mmu\normalizacja\1_left_aeval3_normalized.npy,128,128,8,128,ok
aeval4.bmp,C:\Studia\6 sem\biometria\projekt_2_koniec\rozpoznawanie-teczowki-biometria\results_mmu\normalizacja\1_left_aeval4_normalized.png,C:\Studia\6 sem\biometria\projekt_2_koniec\rozpoznawanie-teczowki-biometria\results_mmu\normalizacja\1_left_aeval4_normalized.npy,128,128,8,128,ok
aeval5.bmp,C:\Studia\6 sem\biometria\projekt_2_koniec\rozpoznawanie-teczowki-biometria\results_mmu\normalizacja\1_left_aeval5_normalized.png,C:\Studia\6 sem\biometria\projekt_2_koniec\rozpoznawanie-teczowki-biometria\results_mmu\normalizacja\1_left_aeval5_normalized.npy,128,128,8,128,ok
aevar1.bmp,C:\Studia\6 sem\biometria\projekt_2_koniec\rozpoznawanie-teczowki-biometria\results_mmu\normalizacja\1_right_aevar1_normalized.png,C:\Studia\6 sem\biometria\projekt_2_koniec\rozpoznawanie-teczowki-biometria\results_mmu\normalizacja\1_right_aevar1_normalized.npy,128,128,8,128,ok
aevar2.bmp,C:\Studia\6 sem\biometria\projekt_2_koniec\rozpoznawanie-teczowki-biometria\results_mmu\normalizacja\1_right_aevar2_normalized.png,C:\Studia\6 sem\biometria\projekt_2_koniec\rozpoznawanie-teczowki-biometria\results_mmu\normalizacja\1_right_aevar2_normalized.npy,128,128,8,128,ok
aevar3.bmp,C:\Studia\6 sem\biometria\projekt_2_koniec\rozpoznawanie-teczowki-biometria\results_mmu\normalizacja\1_right_aevar3_normalized.png,C:\Studia\6 sem\biometria\projekt_2_koniec\rozpoznawanie-teczowki-biometria\results_mmu\normalizacja\1_right_aevar3_normalized.npy,128,128,8,128,ok
aevar4.bmp,C:\Studia\6 sem\biometria\projekt_2_koniec\rozpoznawanie-teczowki-biometria\results_mmu\normalizacja\1_right_aevar4_normalized.png,C:\Studia\6 sem\biometria\projekt_2_koniec\rozpoznawanie-teczowki-biometria\results_mmu\normalizacja\1_right_aevar4_normalized.npy,128,128,8,128,ok
aevar5.bmp,C:\Studia\6 sem\biometria\projekt_2_koniec\rozpoznawanie-teczowki-biometria\results_mmu\normalizacja\1_right_aevar5_normalized.png,C:\Studia\6 sem\biometria\projekt_2_koniec\rozpoznawanie-teczowki-biometria\results_mmu\normalizacja\1_right_aevar5_normalized.npy,128,128,8,128,ok
fional1.bmp,C:\Studia\6 sem\biometria\projekt_2_koniec\rozpoznawanie-teczowki-biometria\results_mmu\normalizacja\10_left_fional1_normalized.png,C:\Studia\6 sem\biometria\projekt_2_koniec\rozpoznawanie-teczowki-biometria\results_mmu\normalizacja\10_left_fional1_normalized.npy,128,128,8,128,ok
fional2.bmp,C:\Studia\6 sem\biometria\projekt_2_koniec\rozpoznawanie-teczowki-biometria\results_mmu\normalizacja\10_left_fional2_normalized.png,C:\Studia\6 sem\biometria\projekt_2_koniec\rozpoznawanie-teczowki-biometria\results_mmu\normalizacja\10_left_fional2_normalized.npy,128,128,8,128,ok
fional3.bmp,C:\Studia\6 sem\biometria\projekt_2_koniec\rozpoznawanie-teczowki-biometria\results_mmu\normalizacja\10_left_fional3_normalized.png,C:\Studia\6 sem\biometria\projekt_2_koniec\rozpoznawanie-teczowki-biometria\results_mmu\normalizacja\10_left_fional3_normalized.npy,128,128,8,128,ok
fional4.bmp,C:\Studia\6 sem\biometria\projekt_2_koniec\rozpoznawanie-teczowki-biometria\results_mmu\normalizacja\10_left_fional4_normalized.png,C:\Studia\6 sem\biometria\projekt_2_koniec\rozpoznawanie-teczowki-biometria\results_mmu\normalizacja\10_left_fional4_normalized.npy,128,128,8,128,ok
fional5.bmp,C:\Studia\6 sem\biometria\projekt_2_koniec\rozpoznawanie-teczowki-biometria\results_mmu\normalizacja\10_left_fional5_normalized.png,C:\Studia\6 sem\biometria\projekt_2_koniec\rozpoznawanie-teczowki-biometria\results_mmu\normalizacja\10_left_fional5_normalized.npy,128,128,8,128,ok
fionar1.bmp,C:\Studia\6 sem\biometria\projekt_2_koniec\rozpoznawanie-teczowki-biometria\results_mmu\normalizacja\10_right_fionar1_normalized.png,C:\Studia\6 sem\biometria\projekt_2_koniec\rozpoznawanie-teczowki-biometria\results_mmu\normalizacja\10_right_fionar1_normalized.npy,128,128,8,128,ok
fionar2.bmp,C:\Studia\6 sem\biometria\projekt_2_koniec\rozpoznawanie-teczowki-biometria\results_mmu\normalizacja\10_right_fionar2_normalized.png,C:\Studia\6 sem\biometria\projekt_2_koniec\rozpoznawanie-teczowki-biometria\results_mmu\normalizacja\10_right_fionar2_normalized.npy,128,128,8,128,ok
fionar3.bmp,C:\Studia\6 sem\biometria\projekt_2_koniec\rozpoznawanie-teczowki-biometria\results_mmu\normalizacja\10_right_fionar3_normalized.png,C:\Studia\6 sem\biometria\projekt_2_koniec\rozpoznawanie-teczowki-biometria\results_mmu\normalizacja\10_right_fionar3_normalized.npy,128,128,8,128,ok
fionar4.bmp,C:\Studia\6 sem\biometria\projekt_2_koniec\rozpoznawanie-teczowki-biometria\results_mmu\normalizacja\10_right_fionar4_normalized.png,C:\Studia\6 sem\biometria\projekt_2_koniec\rozpoznawanie-teczowki-biometria\results_mmu\normalizacja\10_right_fionar4_normalized.npy,128,128,8,128,ok
fionar5.bmp,C:\Studia\6 sem\biometria\projekt_2_koniec\rozpoznawanie-teczowki-biometria\results_mmu\normalizacja\10_right_fionar5_normalized.png,C:\Studia\6 sem\biometria\projekt_2_koniec\rozpoznawanie-teczowki-biometria\results_mmu\normalizacja\10_right_fionar5_normalized.npy,128,128,8,128,ok
hockl1.bmp,C:\Studia\6 sem\biometria\projekt_2_koniec\rozpoznawanie-teczowki-biometria\results_mmu\normalizacja\11_left_hockl1_normalized.png,C:\Studia\6 sem\biometria\projekt_2_koniec\rozpoznawanie-teczowki-biometria\results_mmu\normalizacja\11_left_hockl1_normalized.npy,128,128,8,128,ok
hockl2.bmp,C:\Studia\6 sem\biometria\projekt_2_koniec\rozpoznawanie-teczowki-biometria\results_mmu\normalizacja\11_left_hockl2_normalized.png,C:\Studia\6 sem\biometria\projekt_2_koniec\rozpoznawanie-teczowki-biometria\results_mmu\normalizacja\11_left_hockl2_normalized.npy,128,128,8,128,ok
hockl3.bmp,C:\Studia\6 sem\biometria\projekt_2_koniec\rozpoznawanie-teczowki-biometria\results_mmu\normalizacja\11_left_hockl3_normalized.png,C:\Studia\6 sem\biometria\projekt_2_koniec\rozpoznawanie-teczowki-biometria\results_mmu\normalizacja\11_left_hockl3_normalized.npy,128,128,8,128,ok
hockl4.bmp,C:\Studia\6 sem\biometria\projekt_2_koniec\rozpoznawanie-teczowki-biometria\results_mmu\normalizacja\11_left_hockl4_normalized.png,C:\Studia\6 sem\biometria\projekt_2_koniec\rozpoznawanie-teczowki-biometria\results_mmu\normalizacja\11_left_hockl4_normalized.npy,128,128,8,128,ok
hockl5.bmp,C:\Studia\6 sem\biometria\projekt_2_koniec\rozpoznawanie-teczowki-biometria\results_mmu\normalizacja\11_left_hockl5_normalized.png,C:\Studia\6 sem\biometria\projekt_2_koniec\rozpoznawanie-teczowki-biometria\results_mmu\normalizacja\11_left_hockl5_normalized.npy,128,128,8,128,ok
hockr1.bmp,C:\Studia\6 sem\biometria\projekt_2_koniec\rozpoznawanie-teczowki-biometria\results_mmu\normalizacja\11_right_hockr1_normalized.png,C:\Studia\6 sem\biometria\projekt_2_koniec\rozpoznawanie-teczowki-biometria\results_mmu\normalizacja\11_right_hockr1_normalized.npy,128,128,8,128,ok
hockr2.bmp,C:\Studia\6 sem\biometria\projekt_2_koniec\rozpoznawanie-teczowki-biometria\results_mmu\normalizacja\11_right_hockr2_normalized.png,C:\Studia\6 sem\biometria\projekt_2_koniec\rozpoznawanie-teczowki-biometria\results_mmu\normalizacja\11_right_hockr2_normalized.npy,128,128,8,128,ok
hockr3.bmp,C:\Studia\6 sem\biometria\projekt_2_koniec\rozpoznawanie-teczowki-biometria\results_mmu\normalizacja\11_right_hockr3_normalized.png,C:\Studia\6 sem\biometria\projekt_2_koniec\rozpoznawanie-teczowki-biometria\results_mmu\normalizacja\11_right_hockr3_normalized.npy,128,128,8,128,ok
hockr4.bmp,C:\Studia\6 sem\biometria\projekt_2_koniec\rozpoznawanie-teczowki-biometria\results_mmu\normalizacja\11_right_hockr4_normalized.png,C:\Studia\6 sem\biometria\projekt_2_koniec\rozpoznawanie-teczowki-biometria\results_mmu\normalizacja\11_right_hockr4_normalized.npy,128,128,8,128,ok
hockr5.bmp,C:\Studia\6 sem\biometria\projekt_2_koniec\rozpoznawanie-teczowki-biometria\results_mmu\normalizacja\11_right_hockr5_normalized.png,C:\Studia\6 sem\biometria\projekt_2_koniec\rozpoznawanie-teczowki-biometria\results_mmu\normalizacja\11_right_hockr5_normalized.npy,128,128,8,128,ok
kelvinl1.bmp,C:\Studia\6 sem\biometria\projekt_2_koniec\rozpoznawanie-teczowki-biometria\results_mmu\normalizacja\12_left_kelvinl1_normalized.png,C:\Studia\6 sem\biometria\projekt_2_koniec\rozpoznawanie-teczowki-biometria\results_mmu\normalizacja\12_left_kelvinl1_normalized.npy,128,128,8,128,ok
kelvinl2.bmp,C:\Studia\6 sem\biometria\projekt_2_koniec\rozpoznawanie-teczowki-biometria\results_mmu\normalizacja\12_left_kelvinl2_normalized.png,C:\Studia\6 sem\biometria\projekt_2_koniec\rozpoznawanie-teczowki-biometria\results_mmu\normalizacja\12_left_kelvinl2_normalized.npy,128,128,8,128,ok
kelvinl3.bmp,C:\Studia\6 sem\biometria\projekt_2_koniec\rozpoznawanie-teczowki-biometria\results_mmu\normalizacja\12_left_kelvinl3_normalized.png,C:\Studia\6 sem\biometria\projekt_2_koniec\rozpoznawanie-teczowki-biometria\results_mmu\normalizacja\12_left_kelvinl3_normalized.npy,128,128,8,128,ok
kelvinl4.bmp,C:\Studia\6 sem\biometria\projekt_2_koniec\rozpoznawanie-teczowki-biometria\results_mmu\normalizacja\12_left_kelvinl4_normalized.png,C:\Studia\6 sem\biometria\projekt_2_koniec\rozpoznawanie-teczowki-biometria\results_mmu\normalizacja\12_left_kelvinl4_normalized.npy,128,128,8,128,ok
kelvinl5.bmp,C:\Studia\6 sem\biometria\projekt_2_koniec\rozpoznawanie-teczowki-biometria\results_mmu\normalizacja\12_left_kelvinl5_normalized.png,C:\Studia\6 sem\biometria\projekt_2_koniec\rozpoznawanie-teczowki-biometria\results_mmu\normalizacja\12_left_kelvinl5_normalized.npy,128,128,8,128,ok
kelvinr1.bmp,C:\Studia\6 sem\biometria\projekt_2_koniec\rozpoznawanie-teczowki-biometria\results_mmu\normalizacja\12_right_kelvinr1_normalized.png,C:\Studia\6 sem\biometria\projekt_2_koniec\rozpoznawanie-teczowki-biometria\results_mmu\normalizacja\12_right_kelvinr1_normalized.npy,128,128,8,128,ok
kelvinr2.bmp,C:\Studia\6 sem\biometria\projekt_2_koniec\rozpoznawanie-teczowki-biometria\results_mmu\normalizacja\12_right_kelvinr2_normalized.png,C:\Studia\6 sem\biometria\projekt_2_koniec\rozpoznawanie-teczowki-biometria\results_mmu\normalizacja\12_right_kelvinr2_normalized.npy,128,128,8,128,ok
kelvinr3.bmp,C:\Studia\6 sem\biometria\projekt_2_koniec\rozpoznawanie-teczowki-biometria\results_mmu\normalizacja\12_right_kelvinr3_normalized.png,C:\Studia\6 sem\biometria\projekt_2_koniec\rozpoznawanie-teczowki-biometria\results_mmu\normalizacja\12_right_kelvinr3_normalized.npy,128,128,8,128,ok
kelvinr4.bmp,C:\Studia\6 sem\biometria\projekt_2_koniec\rozpoznawanie-teczowki-biometria\results_mmu\normalizacja\12_right_kelvinr4_normalized.png,C:\Studia\6 sem\biometria\projekt_2_koniec\rozpoznawanie-teczowki-biometria\results_mmu\normalizacja\12_right_kelvinr4_normalized.npy,128,128,8,128,ok
kelvinr5.bmp,C:\Studia\6 sem\biometria\projekt_2_koniec\rozpoznawanie-teczowki-biometria\results_mmu\normalizacja\12_right_kelvinr5_normalized.png,C:\Studia\6 sem\biometria\projekt_2_koniec\rozpoznawanie-teczowki-biometria\results_mmu\normalizacja\12_right_kelvinr5_normalized.npy,128,128,8,128,ok
lec_1.bmp,C:\Studia\6 sem\biometria\projekt_2_koniec\rozpoznawanie-teczowki-biometria\results_mmu\normalizacja\13_left_lec_1_normalized.png,C:\Studia\6 sem\biometria\projekt_2_koniec\rozpoznawanie-teczowki-biometria\results_mmu\normalizacja\13_left_lec_1_normalized.npy,128,128,8,128,ok
lecl2.bmp,C:\Studia\6 sem\biometria\projekt_2_koniec\rozpoznawanie-teczowki-biometria\results_mmu\normalizacja\13_left_lecl2_normalized.png,C:\Studia\6 sem\biometria\projekt_2_koniec\rozpoznawanie-teczowki-biometria\results_mmu\normalizacja\13_left_lecl2_normalized.npy,128,128,8,128,ok
lecl3.bmp,C:\Studia\6 sem\biometria\projekt_2_koniec\rozpoznawanie-teczowki-biometria\results_mmu\normalizacja\13_left_lecl3_normalized.png,C:\Studia\6 sem\biometria\projekt_2_koniec\rozpoznawanie-teczowki-biometria\results_mmu\normalizacja\13_left_lecl3_normalized.npy,128,128,8,128,ok
lecl4.bmp,C:\Studia\6 sem\biometria\projekt_2_koniec\rozpoznawanie-teczowki-biometria\results_mmu\normalizacja\13_left_lecl4_normalized.png,C:\Studia\6 sem\biometria\projekt_2_koniec\rozpoznawanie-teczowki-biometria\results_mmu\normalizacja\13_left_lecl4_normalized.npy,128,128,8,128,ok
lecl5.bmp,C:\Studia\6 sem\biometria\projekt_2_koniec\rozpoznawanie-teczowki-biometria\results_mmu\normalizacja\13_left_lecl5_normalized.png,C:\Studia\6 sem\biometria\projekt_2_koniec\rozpoznawanie-teczowki-biometria\results_mmu\normalizacja\13_left_lecl5_normalized.npy,128,128,8,128,ok
lecr1.bmp,C:\Studia\6 sem\biometria\projekt_2_koniec\rozpoznawanie-teczowki-biometria\results_mmu\normalizacja\13_right_lecr1_normalized.png,C:\Studia\6 sem\biometria\projekt_2_koniec\rozpoznawanie-teczowki-biometria\results_mmu\normalizacja\13_right_lecr1_normalized.npy,128,128,8,128,ok
lecr2.bmp,C:\Studia\6 sem\biometria\projekt_2_koniec\rozpoznawanie-teczowki-biometria\results_mmu\normalizacja\13_right_lecr2_normalized.png,C:\Studia\6 sem\biometria\projekt_2_koniec\rozpoznawanie-teczowki-biometria\results_mmu\normalizacja\13_right_lecr2_normalized.npy,128,128,8,128,ok
lecr3.bmp,C:\Studia\6 sem\biometria\projekt_2_koniec\rozpoznawanie-teczowki-biometria\results_mmu\normalizacja\13_right_lecr3_normalized.png,C:\Studia\6 sem\biometria\projekt_2_koniec\rozpoznawanie-teczowki-biometria\results_mmu\normalizacja\13_right_lecr3_normalized.npy,128,128,8,128,ok
lecr4.bmp,C:\Studia\6 sem\biometria\projekt_2_koniec\rozpoznawanie-teczowki-biometria\results_mmu\normalizacja\13_right_lecr4_normalized.png,C:\Studia\6 sem\biometria\projekt_2_koniec\rozpoznawanie-teczowki-biometria\results_mmu\normalizacja\13_right_lecr4_normalized.npy,128,128,8,128,ok
lecr5.bmp,C:\Studia\6 sem\biometria\projekt_2_koniec\rozpoznawanie-teczowki-biometria\results_mmu\normalizacja\13_right_lecr5_normalized.png,C:\Studia\6 sem\biometria\projekt_2_koniec\rozpoznawanie-teczowki-biometria\results_mmu\normalizacja\13_right_lecr5_normalized.npy,128,128,8,128,ok
liujwl1.bmp,C:\Studia\6 sem\biometria\projekt_2_koniec\rozpoznawanie-teczowki-biometria\results_mmu\normalizacja\14_left_liujwl1_normalized.png,C:\Studia\6 sem\biometria\projekt_2_koniec\rozpoznawanie-teczowki-biometria\results_mmu\normalizacja\14_left_liujwl1_normalized.npy,128,128,8,128,ok
liujwl2.bmp,C:\Studia\6 sem\biometria\projekt_2_koniec\rozpoznawanie-teczowki-biometria\results_mmu\normalizacja\14_left_liujwl2_normalized.png,C:\Studia\6 sem\biometria\projekt_2_koniec\rozpoznawanie-teczowki-biometria\results_mmu\normalizacja\14_left_liujwl2_normalized.npy,128,128,8,128,ok
liujwl3.bmp,C:\Studia\6 sem\biometria\projekt_2_koniec\rozpoznawanie-teczowki-biometria\results_mmu\normalizacja\14_left_liujwl3_normalized.png,C:\Studia\6 sem\biometria\projekt_2_koniec\rozpoznawanie-teczowki-biometria\results_mmu\normalizacja\14_left_liujwl3_normalized.npy,128,128,8,128,ok
liujwl4.bmp,C:\Studia\6 sem\biometria\projekt_2_koniec\rozpoznawanie-teczowki-biometria\results_mmu\normalizacja\14_left_liujwl4_normalized.png,C:\Studia\6 sem\biometria\projekt_2_koniec\rozpoznawanie-teczowki-biometria\results_mmu\normalizacja\14_left_liujwl4_normalized.npy,128,128,8,128,ok
liujwl5.bmp,C:\Studia\6 sem\biometria\projekt_2_koniec\rozpoznawanie-teczowki-biometria\results_mmu\normalizacja\14_left_liujwl5_normalized.png,C:\Studia\6 sem\biometria\projekt_2_koniec\rozpoznawanie-teczowki-biometria\results_mmu\normalizacja\14_left_liujwl5_normalized.npy,128,128,8,128,ok
liujwr1.bmp,C:\Studia\6 sem\biometria\projekt_2_koniec\rozpoznawanie-teczowki-biometria\results_mmu\normalizacja\14_right_liujwr1_normalized.png,C:\Studia\6 sem\biometria\projekt_2_koniec\rozpoznawanie-teczowki-biometria\results_mmu\normalizacja\14_right_liujwr1_normalized.npy,128,128,8,128,ok
liujwr2.bmp,C:\Studia\6 sem\biometria\projekt_2_koniec\rozpoznawanie-teczowki-biometria\results_mmu\normalizacja\14_right_liujwr2_normalized.png,C:\Studia\6 sem\biometria\projekt_2_koniec\rozpoznawanie-teczowki-biometria\results_mmu\normalizacja\14_right_liujwr2_normalized.npy,128,128,8,128,ok
liujwr3.bmp,C:\Studia\6 sem\biometria\projekt_2_koniec\rozpoznawanie-teczowki-biometria\results_mmu\normalizacja\14_right_liujwr3_normalized.png,C:\Studia\6 sem\biometria\projekt_2_koniec\rozpoznawanie-teczowki-biometria\results_mmu\normalizacja\14_right_liujwr3_normalized.npy,128,128,8,128,ok
liujwr4.bmp,C:\Studia\6 sem\biometria\projekt_2_koniec\rozpoznawanie-teczowki-biometria\results_mmu\normalizacja\14_right_liujwr4_normalized.png,C:\Studia\6 sem\biometria\projekt_2_koniec\rozpoznawanie-teczowki-biometria\results_mmu\normalizacja\14_right_liujwr4_normalized.npy,128,128,8,128,ok
liujwr5.bmp,C:\Studia\6 sem\biometria\projekt_2_koniec\rozpoznawanie-teczowki-biometria\results_mmu\normalizacja\14_right_liujwr5_normalized.png,C:\Studia\6 sem\biometria\projekt_2_koniec\rozpoznawanie-teczowki-biometria\results_mmu\normalizacja\14_right_liujwr5_normalized.npy,128,128,8,128,ok
lokel1.bmp,C:\Studia\6 sem\biometria\projekt_2_koniec\rozpoznawanie-teczowki-biometria\results_mmu\normalizacja\15_left_lokel1_normalized.png,C:\Studia\6 sem\biometria\projekt_2_koniec\rozpoznawanie-teczowki-biometria\results_mmu\normalizacja\15_left_lokel1_normalized.npy,128,128,8,128,ok
lokel2.bmp,C:\Studia\6 sem\biometria\projekt_2_koniec\rozpoznawanie-teczowki-biometria\results_mmu\normalizacja\15_left_lokel2_normalized.png,C:\Studia\6 sem\biometria\projekt_2_koniec\rozpoznawanie-teczowki-biometria\results_mmu\normalizacja\15_left_lokel2_normalized.npy,128,128,8,128,ok
lokel3.bmp,C:\Studia\6 sem\biometria\projekt_2_koniec\rozpoznawanie-teczowki-biometria\results_mmu\normalizacja\15_left_lokel3_normalized.png,C:\Studia\6 sem\biometria\projekt_2_koniec\rozpoznawanie-teczowki-biometria\results_mmu\normalizacja\15_left_lokel3_normalized.npy,128,128,8,128,ok
lokel4.bmp,C:\Studia\6 sem\biometria\projekt_2_koniec\rozpoznawanie-teczowki-biometria\results_mmu\normalizacja\15_left_lokel4_normalized.png,C:\Studia\6 sem\biometria\projekt_2_koniec\rozpoznawanie-teczowki-biometria\results_mmu\normalizacja\15_left_lokel4_normalized.npy,128,128,8,128,ok
lokel5.bmp,C:\Studia\6 sem\biometria\projekt_2_koniec\rozpoznawanie-teczowki-biometria\results_mmu\normalizacja\15_left_lokel5_normalized.png,C:\Studia\6 sem\biometria\projekt_2_koniec\rozpoznawanie-teczowki-biometria\results_mmu\normalizacja\15_left_lokel5_normalized.npy,128,128,8,128,ok
loker1.bmp,C:\Studia\6 sem\biometria\projekt_2_koniec\rozpoznawanie-teczowki-biometria\results_mmu\normalizacja\15_right_loker1_normalized.png,C:\Studia\6 sem\biometria\projekt_2_koniec\rozpoznawanie-teczowki-biometria\results_mmu\normalizacja\15_right_loker1_normalized.npy,128,128,8,128,ok
loker2.bmp,C:\Studia\6 sem\biometria\projekt_2_koniec\rozpoznawanie-teczowki-biometria\results_mmu\normalizacja\15_right_loker2_normalized.png,C:\Studia\6 sem\biometria\projekt_2_koniec\rozpoznawanie-teczowki-biometria\results_mmu\normalizacja\15_right_loker2_normalized.npy,128,128,8,128,ok
loker3.bmp,C:\Studia\6 sem\biometria\projekt_2_koniec\rozpoznawanie-teczowki-biometria\results_mmu\normalizacja\15_right_loker3_normalized.png,C:\Studia\6 sem\biometria\projekt_2_koniec\rozpoznawanie-teczowki-biometria\results_mmu\normalizacja\15_right_loker3_normalized.npy,128,128,8,128,ok
loker4.bmp,C:\Studia\6 sem\biometria\projekt_2_koniec\rozpoznawanie-teczowki-biometria\results_mmu\normalizacja\15_right_loker4_normalized.png,C:\Studia\6 sem\biometria\projekt_2_koniec\rozpoznawanie-teczowki-biometria\results_mmu\normalizacja\15_right_loker4_normalized.npy,128,128,8,128,ok
loker5.bmp,C:\Studia\6 sem\biometria\projekt_2_koniec\rozpoznawanie-teczowki-biometria\results_mmu\normalizacja\15_right_loker5_normalized.png,C:\Studia\6 sem\biometria\projekt_2_koniec\rozpoznawanie-teczowki-biometria\results_mmu\normalizacja\15_right_loker5_normalized.npy,128,128,8,128,ok
lowyfl1.bmp,C:\Studia\6 sem\biometria\projekt_2_koniec\rozpoznawanie-teczowki-biometria\results_mmu\normalizacja\16_left_lowyfl1_normalized.png,C:\Studia\6 sem\biometria\projekt_2_koniec\rozpoznawanie-teczowki-biometria\results_mmu\normalizacja\16_left_lowyfl1_normalized.npy,128,128,8,128,ok
lowyfl2.bmp,C:\Studia\6 sem\biometria\projekt_2_koniec\rozpoznawanie-teczowki-biometria\results_mmu\normalizacja\16_left_lowyfl2_normalized.png,C:\Studia\6 sem\biometria\projekt_2_koniec\rozpoznawanie-teczowki-biometria\results_mmu\normalizacja\16_left_lowyfl2_normalized.npy,128,128,8,128,ok
lowyfl3.bmp,C:\Studia\6 sem\biometria\projekt_2_koniec\rozpoznawanie-teczowki-biometria\results_mmu\normalizacja\16_left_lowyfl3_normalized.png,C:\Studia\6 sem\biometria\projekt_2_koniec\rozpoznawanie-teczowki-biometria\results_mmu\normalizacja\16_left_lowyfl3_normalized.npy,128,128,8,128,ok
lowyfl4.bmp,C:\Studia\6 sem\biometria\projekt_2_koniec\rozpoznawanie-teczowki-biometria\results_mmu\normalizacja\16_left_lowyfl4_normalized.png,C:\Studia\6 sem\biometria\projekt_2_koniec\rozpoznawanie-teczowki-biometria\results_mmu\normalizacja\16_left_lowyfl4_normalized.npy,128,128,8,128,ok
lowyfl5.bmp,C:\Studia\6 sem\biometria\projekt_2_koniec\rozpoznawanie-teczowki-biometria\results_mmu\normalizacja\16_left_lowyfl5_normalized.png,C:\Studia\6 sem\biometria\projekt_2_koniec\rozpoznawanie-teczowki-biometria\results_mmu\normalizacja\16_left_lowyfl5_normalized.npy,128,128,8,128,ok
lowyfr1.bmp,C:\Studia\6 sem\biometria\projekt_2_koniec\rozpoznawanie-teczowki-biometria\results_mmu\normalizacja\16_right_lowyfr1_normalized.png,C:\Studia\6 sem\biometria\projekt_2_koniec\rozpoznawanie-teczowki-biometria\results_mmu\normalizacja\16_right_lowyfr1_normalized.npy,128,128,8,128,ok
lowyfr2.bmp,C:\Studia\6 sem\biometria\projekt_2_koniec\rozpoznawanie-teczowki-biometria\results_mmu\normalizacja\16_right_lowyfr2_normalized.png,C:\Studia\6 sem\biometria\projekt_2_koniec\rozpoznawanie-teczowki-biometria\results_mmu\normalizacja\16_right_lowyfr2_normalized.npy,128,128,8,128,ok
lowyfr3.bmp,C:\Studia\6 sem\biometria\projekt_2_koniec\rozpoznawanie-teczowki-biometria\results_mmu\normalizacja\16_right_lowyfr3_normalized.png,C:\Studia\6 sem\biometria\projekt_2_koniec\rozpoznawanie-teczowki-biometria\results_mmu\normalizacja\16_right_lowyfr3_normalized.npy,128,128,8,128,ok
lowyfr4.bmp,C:\Studia\6 sem\biometria\projekt_2_koniec\rozpoznawanie-teczowki-biometria\results_mmu\normalizacja\16_right_lowyfr4_normalized.png,C:\Studia\6 sem\biometria\projekt_2_koniec\rozpoznawanie-teczowki-biometria\results_mmu\normalizacja\16_right_lowyfr4_normalized.npy,128,128,8,128,ok
lowyfr5.bmp,C:\Studia\6 sem\biometria\projekt_2_koniec\rozpoznawanie-teczowki-biometria\results_mmu\normalizacja\16_right_lowyfr5_normalized.png,C:\Studia\6 sem\biometria\projekt_2_koniec\rozpoznawanie-teczowki-biometria\results_mmu\normalizacja\16_right_lowyfr5_normalized.npy,128,128,8,128,ok
lpjl1.bmp,C:\Studia\6 sem\biometria\projekt_2_koniec\rozpoznawanie-teczowki-biometria\results_mmu\normalizacja\17_left_lpjl1_normalized.png,C:\Studia\6 sem\biometria\projekt_2_koniec\rozpoznawanie-teczowki-biometria\results_mmu\normalizacja\17_left_lpjl1_normalized.npy,128,128,8,128,ok
lpjl2.bmp,C:\Studia\6 sem\biometria\projekt_2_koniec\rozpoznawanie-teczowki-biometria\results_mmu\normalizacja\17_left_lpjl2_normalized.png,C:\Studia\6 sem\biometria\projekt_2_koniec\rozpoznawanie-teczowki-biometria\results_mmu\normalizacja\17_left_lpjl2_normalized.npy,128,128,8,128,ok
lpjl3.bmp,C:\Studia\6 sem\biometria\projekt_2_koniec\rozpoznawanie-teczowki-biometria\results_mmu\normalizacja\17_left_lpjl3_normalized.png,C:\Studia\6 sem\biometria\projekt_2_koniec\rozpoznawanie-teczowki-biometria\results_mmu\normalizacja\17_left_lpjl3_normalized.npy,128,128,8,128,ok
lpjl4.bmp,C:\Studia\6 sem\biometria\projekt_2_koniec\rozpoznawanie-teczowki-biometria\results_mmu\normalizacja\17_left_lpjl4_normalized.png,C:\Studia\6 sem\biometria\projekt_2_koniec\rozpoznawanie-teczowki-biometria\results_mmu\normalizacja\17_left_lpjl4_normalized.npy,128,128,8,128,ok
lpjl5.bmp,C:\Studia\6 sem\biometria\projekt_2_koniec\rozpoznawanie-teczowki-biometria\results_mmu\normalizacja\17_left_lpjl5_normalized.png,C:\Studia\6 sem\biometria\projekt_2_koniec\rozpoznawanie-teczowki-biometria\results_mmu\normalizacja\17_left_lpjl5_normalized.npy,128,128,8,128,ok
lpjr1.bmp,C:\Studia\6 sem\biometria\projekt_2_koniec\rozpoznawanie-teczowki-biometria\results_mmu\normalizacja\17_right_lpjr1_normalized.png,C:\Studia\6 sem\biometria\projekt_2_koniec\rozpoznawanie-teczowki-biometria\results_mmu\normalizacja\17_right_lpjr1_normalized.npy,128,128,8,128,ok
lpjr2.bmp,C:\Studia\6 sem\biometria\projekt_2_koniec\rozpoznawanie-teczowki-biometria\results_mmu\normalizacja\17_right_lpjr2_normalized.png,C:\Studia\6 sem\biometria\projekt_2_koniec\rozpoznawanie-teczowki-biometria\results_mmu\normalizacja\17_right_lpjr2_normalized.npy,128,128,8,128,ok
lpjr3.bmp,C:\Studia\6 sem\biometria\projekt_2_koniec\rozpoznawanie-teczowki-biometria\results_mmu\normalizacja\17_right_lpjr3_normalized.png,C:\Studia\6 sem\biometria\projekt_2_koniec\rozpoznawanie-teczowki-biometria\results_mmu\normalizacja\17_right_lpjr3_normalized.npy,128,128,8,128,ok
lpjr4.bmp,C:\Studia\6 sem\biometria\projekt_2_koniec\rozpoznawanie-teczowki-biometria\results_mmu\normalizacja\17_right_lpjr4_normalized.png,C:\Studia\6 sem\biometria\projekt_2_koniec\rozpoznawanie-teczowki-biometria\results_mmu\normalizacja\17_right_lpjr4_normalized.npy,128,128,8,128,ok
lpjr5.bmp,C:\Studia\6 sem\biometria\projekt_2_koniec\rozpoznawanie-teczowki-biometria\results_mmu\normalizacja\17_right_lpjr5_normalized.png,C:\Studia\6 sem\biometria\projekt_2_koniec\rozpoznawanie-teczowki-biometria\results_mmu\normalizacja\17_right_lpjr5_normalized.npy,128,128,8,128,ok
mahskl1.bmp,C:\Studia\6 sem\biometria\projekt_2_koniec\rozpoznawanie-teczowki-biometria\results_mmu\normalizacja\18_left_mahskl1_normalized.png,C:\Studia\6 sem\biometria\projekt_2_koniec\rozpoznawanie-teczowki-biometria\results_mmu\normalizacja\18_left_mahskl1_normalized.npy,128,128,8,128,ok
mahskl2.bmp,C:\Studia\6 sem\biometria\projekt_2_koniec\rozpoznawanie-teczowki-biometria\results_mmu\normalizacja\18_left_mahskl2_normalized.png,C:\Studia\6 sem\biometria\projekt_2_koniec\rozpoznawanie-teczowki-biometria\results_mmu\normalizacja\18_left_mahskl2_normalized.npy,128,128,8,128,ok
mahskl3.bmp,C:\Studia\6 sem\biometria\projekt_2_koniec\rozpoznawanie-teczowki-biometria\results_mmu\normalizacja\18_left_mahskl3_normalized.png,C:\Studia\6 sem\biometria\projekt_2_koniec\rozpoznawanie-teczowki-biometria\results_mmu\normalizacja\18_left_mahskl3_normalized.npy,128,128,8,128,ok
mahskl4.bmp,C:\Studia\6 sem\biometria\projekt_2_koniec\rozpoznawanie-teczowki-biometria\results_mmu\normalizacja\18_left_mahskl4_normalized.png,C:\Studia\6 sem\biometria\projekt_2_koniec\rozpoznawanie-teczowki-biometria\results_mmu\normalizacja\18_left_mahskl4_normalized.npy,128,128,8,128,ok
mahskl5.bmp,C:\Studia\6 sem\biometria\projekt_2_koniec\rozpoznawanie-teczowki-biometria\results_mmu\normalizacja\18_left_mahskl5_normalized.png,C:\Studia\6 sem\biometria\projekt_2_koniec\rozpoznawanie-teczowki-biometria\results_mmu\normalizacja\18_left_mahskl5_normalized.npy,128,128,8,128,ok
mahskr1.bmp,C:\Studia\6 sem\biometria\projekt_2_koniec\rozpoznawanie-teczowki-biometria\results_mmu\normalizacja\18_right_mahskr1_normalized.png,C:\Studia\6 sem\biometria\projekt_2_koniec\rozpoznawanie-teczowki-biometria\results_mmu\normalizacja\18_right_mahskr1_normalized.npy,128,128,8,128,ok
mahskr2.bmp,C:\Studia\6 sem\biometria\projekt_2_koniec\rozpoznawanie-teczowki-biometria\results_mmu\normalizacja\18_right_mahskr2_normalized.png,C:\Studia\6 sem\biometria\projekt_2_koniec\rozpoznawanie-teczowki-biometria\results_mmu\normalizacja\18_right_mahskr2_normalized.npy,128,128,8,128,ok
mahskr3.bmp,C:\Studia\6 sem\biometria\projekt_2_koniec\rozpoznawanie-teczowki-biometria\results_mmu\normalizacja\18_right_mahskr3_normalized.png,C:\Studia\6 sem\biometria\projekt_2_koniec\rozpoznawanie-teczowki-biometria\results_mmu\normalizacja\18_right_mahskr3_normalized.npy,128,128,8,128,ok
mahskr4.bmp,C:\Studia\6 sem\biometria\projekt_2_koniec\rozpoznawanie-teczowki-biometria\results_mmu\normalizacja\18_right_mahskr4_normalized.png,C:\Studia\6 sem\biometria\projekt_2_koniec\rozpoznawanie-teczowki-biometria\results_mmu\normalizacja\18_right_mahskr4_normalized.npy,128,128,8,128,ok
mahskr5.bmp,C:\Studia\6 sem\biometria\projekt_2_koniec\rozpoznawanie-teczowki-biometria\results_mmu\normalizacja\18_right_mahskr5_normalized.png,C:\Studia\6 sem\biometria\projekt_2_koniec\rozpoznawanie-teczowki-biometria\results_mmu\normalizacja\18_right_mahskr5_normalized.npy,128,128,8,128,ok
maranl1.bmp,C:\Studia\6 sem\biometria\projekt_2_koniec\rozpoznawanie-teczowki-biometria\results_mmu\normalizacja\19_left_maranl1_normalized.png,C:\Studia\6 sem\biometria\projekt_2_koniec\rozpoznawanie-teczowki-biometria\results_mmu\normalizacja\19_left_maranl1_normalized.npy,128,128,8,128,ok
maranl2.bmp,C:\Studia\6 sem\biometria\projekt_2_koniec\rozpoznawanie-teczowki-biometria\results_mmu\normalizacja\19_left_maranl2_normalized.png,C:\Studia\6 sem\biometria\projekt_2_koniec\rozpoznawanie-teczowki-biometria\results_mmu\normalizacja\19_left_maranl2_normalized.npy,128,128,8,128,ok
maranl3.bmp,C:\Studia\6 sem\biometria\projekt_2_koniec\rozpoznawanie-teczowki-biometria\results_mmu\normalizacja\19_left_maranl3_normalized.png,C:\Studia\6 sem\biometria\projekt_2_koniec\rozpoznawanie-teczowki-biometria\results_mmu\normalizacja\19_left_maranl3_normalized.npy,128,128,8,128,ok
maranl4.bmp,C:\Studia\6 sem\biometria\projekt_2_koniec\rozpoznawanie-teczowki-biometria\results_mmu\normalizacja\19_left_maranl4_normalized.png,C:\Studia\6 sem\biometria\projekt_2_koniec\rozpoznawanie-teczowki-biometria\results_mmu\normalizacja\19_left_maranl4_normalized.npy,128,128,8,128,ok
maranl5.bmp,C:\Studia\6 sem\biometria\projekt_2_koniec\rozpoznawanie-teczowki-biometria\results_mmu\normalizacja\19_left_maranl5_normalized.png,C:\Studia\6 sem\biometria\projekt_2_koniec\rozpoznawanie-teczowki-biometria\results_mmu\normalizacja\19_left_maranl5_normalized.npy,128,128,8,128,ok
maranr1.bmp,C:\Studia\6 sem\biometria\projekt_2_koniec\rozpoznawanie-teczowki-biometria\results_mmu\normalizacja\19_right_maranr1_normalized.png,C:\Studia\6 sem\biometria\projekt_2_koniec\rozpoznawanie-teczowki-biometria\results_mmu\normalizacja\19_right_maranr1_normalized.npy,128,128,8,128,ok
maranr2.bmp,C:\Studia\6 sem\biometria\projekt_2_koniec\rozpoznawanie-teczowki-biometria\results_mmu\normalizacja\19_right_maranr2_normalized.png,C:\Studia\6 sem\biometria\projekt_2_koniec\rozpoznawanie-teczowki-biometria\results_mmu\normalizacja\19_right_maranr2_normalized.npy,128,128,8,128,ok
maranr3.bmp,C:\Studia\6 sem\biometria\projekt_2_koniec\rozpoznawanie-teczowki-biometria\results_mmu\normalizacja\19_right_maranr3_normalized.png,C:\Studia\6 sem\biometria\projekt_2_koniec\rozpoznawanie-teczowki-biometria\results_mmu\normalizacja\19_right_maranr3_normalized.npy,128,128,8,128,ok
maranr4.bmp,C:\Studia\6 sem\biometria\projekt_2_koniec\rozpoznawanie-teczowki-biometria\results_mmu\normalizacja\19_right_maranr4_normalized.png,C:\Studia\6 sem\biometria\projekt_2_koniec\rozpoznawanie-teczowki-biometria\results_mmu\normalizacja\19_right_maranr4_normalized.npy,128,128,8,128,ok
maranr5.bmp,C:\Studia\6 sem\biometria\projekt_2_koniec\rozpoznawanie-teczowki-biometria\results_mmu\normalizacja\19_right_maranr5_normalized.png,C:\Studia\6 sem\biometria\projekt_2_koniec\rozpoznawanie-teczowki-biometria\results_mmu\normalizacja\19_right_maranr5_normalized.npy,128,128,8,128,ok
bryanl1.bmp,C:\Studia\6 sem\biometria\projekt_2_koniec\rozpoznawanie-teczowki-biometria\results_mmu\normalizacja\2_left_bryanl1_normalized.png,C:\Studia\6 sem\biometria\projekt_2_koniec\rozpoznawanie-teczowki-biometria\results_mmu\normalizacja\2_left_bryanl1_normalized.npy,128,128,8,128,ok
bryanl2.bmp,C:\Studia\6 sem\biometria\projekt_2_koniec\rozpoznawanie-teczowki-biometria\results_mmu\normalizacja\2_left_bryanl2_normalized.png,C:\Studia\6 sem\biometria\projekt_2_koniec\rozpoznawanie-teczowki-biometria\results_mmu\normalizacja\2_left_bryanl2_normalized.npy,128,128,8,128,ok
bryanl3.bmp,C:\Studia\6 sem\biometria\projekt_2_koniec\rozpoznawanie-teczowki-biometria\results_mmu\normalizacja\2_left_bryanl3_normalized.png,C:\Studia\6 sem\biometria\projekt_2_koniec\rozpoznawanie-teczowki-biometria\results_mmu\normalizacja\2_left_bryanl3_normalized.npy,128,128,8,128,ok
bryanl4.bmp,C:\Studia\6 sem\biometria\projekt_2_koniec\rozpoznawanie-teczowki-biometria\results_mmu\normalizacja\2_left_bryanl4_normalized.png,C:\Studia\6 sem\biometria\projekt_2_koniec\rozpoznawanie-teczowki-biometria\results_mmu\normalizacja\2_left_bryanl4_normalized.npy,128,128,8,128,ok
bryanl5.bmp,C:\Studia\6 sem\biometria\projekt_2_koniec\rozpoznawanie-teczowki-biometria\results_mmu\normalizacja\2_left_bryanl5_normalized.png,C:\Studia\6 sem\biometria\projekt_2_koniec\rozpoznawanie-teczowki-biometria\results_mmu\normalizacja\2_left_bryanl5_normalized.npy,128,128,8,128,ok
bryanr1.bmp,C:\Studia\6 sem\biometria\projekt_2_koniec\rozpoznawanie-teczowki-biometria\results_mmu\normalizacja\2_right_bryanr1_normalized.png,C:\Studia\6 sem\biometria\projekt_2_koniec\rozpoznawanie-teczowki-biometria\results_mmu\normalizacja\2_right_bryanr1_normalized.npy,128,128,8,128,ok
bryanr2.bmp,C:\Studia\6 sem\biometria\projekt_2_koniec\rozpoznawanie-teczowki-biometria\results_mmu\normalizacja\2_right_bryanr2_normalized.png,C:\Studia\6 sem\biometria\projekt_2_koniec\rozpoznawanie-teczowki-biometria\results_mmu\normalizacja\2_right_bryanr2_normalized.npy,128,128,8,128,ok
bryanr3.bmp,C:\Studia\6 sem\biometria\projekt_2_koniec\rozpoznawanie-teczowki-biometria\results_mmu\normalizacja\2_right_bryanr3_normalized.png,C:\Studia\6 sem\biometria\projekt_2_koniec\rozpoznawanie-teczowki-biometria\results_mmu\normalizacja\2_right_bryanr3_normalized.npy,128,128,8,128,ok
bryanr4.bmp,C:\Studia\6 sem\biometria\projekt_2_koniec\rozpoznawanie-teczowki-biometria\results_mmu\normalizacja\2_right_bryanr4_normalized.png,C:\Studia\6 sem\biometria\projekt_2_koniec\rozpoznawanie-teczowki-biometria\results_mmu\normalizacja\2_right_bryanr4_normalized.npy,128,128,8,128,ok
bryanr5.bmp,C:\Studia\6 sem\biometria\projekt_2_koniec\rozpoznawanie-teczowki-biometria\results_mmu\normalizacja\2_right_bryanr5_normalized.png,C:\Studia\6 sem\biometria\projekt_2_koniec\rozpoznawanie-teczowki-biometria\results_mmu\normalizacja\2_right_bryanr5_normalized.npy,128,128,8,128,ok
masl1.bmp,C:\Studia\6 sem\biometria\projekt_2_koniec\rozpoznawanie-teczowki-biometria\results_mmu\normalizacja\20_left_masl1_normalized.png,C:\Studia\6 sem\biometria\projekt_2_koniec\rozpoznawanie-teczowki-biometria\results_mmu\normalizacja\20_left_masl1_normalized.npy,128,128,8,128,ok
masl2.bmp,C:\Studia\6 sem\biometria\projekt_2_koniec\rozpoznawanie-teczowki-biometria\results_mmu\normalizacja\20_left_masl2_normalized.png,C:\Studia\6 sem\biometria\projekt_2_koniec\rozpoznawanie-teczowki-biometria\results_mmu\normalizacja\20_left_masl2_normalized.npy,128,128,8,128,ok
masl3.bmp,C:\Studia\6 sem\biometria\projekt_2_koniec\rozpoznawanie-teczowki-biometria\results_mmu\normalizacja\20_left_masl3_normalized.png,C:\Studia\6 sem\biometria\projekt_2_koniec\rozpoznawanie-teczowki-biometria\results_mmu\normalizacja\20_left_masl3_normalized.npy,128,128,8,128,ok
masl4.bmp,C:\Studia\6 sem\biometria\projekt_2_koniec\rozpoznawanie-teczowki-biometria\results_mmu\normalizacja\20_left_masl4_normalized.png,C:\Studia\6 sem\biometria\projekt_2_koniec\rozpoznawanie-teczowki-biometria\results_mmu\normalizacja\20_left_masl4_normalized.npy,128,128,8,128,ok
masl5.bmp,C:\Studia\6 sem\biometria\projekt_2_koniec\rozpoznawanie-teczowki-biometria\results_mmu\normalizacja\20_left_masl5_normalized.png,C:\Studia\6 sem\biometria\projekt_2_koniec\rozpoznawanie-teczowki-biometria\results_mmu\normalizacja\20_left_masl5_normalized.npy,128,128,8,128,ok
masr1.bmp,C:\Studia\6 sem\biometria\projekt_2_koniec\rozpoznawanie-teczowki-biometria\results_mmu\normalizacja\20_right_masr1_normalized.png,C:\Studia\6 sem\biometria\projekt_2_koniec\rozpoznawanie-teczowki-biometria\results_mmu\normalizacja\20_right_masr1_normalized.npy,128,128,8,128,ok
masr2.bmp,C:\Studia\6 sem\biometria\projekt_2_koniec\rozpoznawanie-teczowki-biometria\results_mmu\normalizacja\20_right_masr2_normalized.png,C:\Studia\6 sem\biometria\projekt_2_koniec\rozpoznawanie-teczowki-biometria\results_mmu\normalizacja\20_right_masr2_normalized.npy,128,128,8,128,ok
masr3.bmp,C:\Studia\6 sem\biometria\projekt_2_koniec\rozpoznawanie-teczowki-biometria\results_mmu\normalizacja\20_right_masr3_normalized.png,C:\Studia\6 sem\biometria\projekt_2_koniec\rozpoznawanie-teczowki-biometria\results_mmu\normalizacja\20_right_masr3_normalized.npy,128,128,8,128,ok
masr4.bmp,C:\Studia\6 sem\biometria\projekt_2_koniec\rozpoznawanie-teczowki-biometria\results_mmu\normalizacja\20_right_masr4_normalized.png,C:\Studia\6 sem\biometria\projekt_2_koniec\rozpoznawanie-teczowki-biometria\results_mmu\normalizacja\20_right_masr4_normalized.npy,128,128,8,128,ok
masr5.bmp,C:\Studia\6 sem\biometria\projekt_2_koniec\rozpoznawanie-teczowki-biometria\results_mmu\normalizacja\20_right_masr5_normalized.png,C:\Studia\6 sem\biometria\projekt_2_koniec\rozpoznawanie-teczowki-biometria\results_mmu\normalizacja\20_right_masr5_normalized.npy,128,128,8,128,ok
mazwanl1.bmp,C:\Studia\6 sem\biometria\projekt_2_koniec\rozpoznawanie-teczowki-biometria\results_mmu\normalizacja\21_left_mazwanl1_normalized.png,C:\Studia\6 sem\biometria\projekt_2_koniec\rozpoznawanie-teczowki-biometria\results_mmu\normalizacja\21_left_mazwanl1_normalized.npy,128,128,8,128,ok
mazwanl2.bmp,C:\Studia\6 sem\biometria\projekt_2_koniec\rozpoznawanie-teczowki-biometria\results_mmu\normalizacja\21_left_mazwanl2_normalized.png,C:\Studia\6 sem\biometria\projekt_2_koniec\rozpoznawanie-teczowki-biometria\results_mmu\normalizacja\21_left_mazwanl2_normalized.npy,128,128,8,128,ok
mazwanl3.bmp,C:\Studia\6 sem\biometria\projekt_2_koniec\rozpoznawanie-teczowki-biometria\results_mmu\normalizacja\21_left_mazwanl3_normalized.png,C:\Studia\6 sem\biometria\projekt_2_koniec\rozpoznawanie-teczowki-biometria\results_mmu\normalizacja\21_left_mazwanl3_normalized.npy,128,128,8,128,ok
mazwanl4.bmp,C:\Studia\6 sem\biometria\projekt_2_koniec\rozpoznawanie-teczowki-biometria\results_mmu\normalizacja\21_left_mazwanl4_normalized.png,C:\Studia\6 sem\biometria\projekt_2_koniec\rozpoznawanie-teczowki-biometria\results_mmu\normalizacja\21_left_mazwanl4_normalized.npy,128,128,8,128,ok
mazwanl5.bmp,C:\Studia\6 sem\biometria\projekt_2_koniec\rozpoznawanie-teczowki-biometria\results_mmu\normalizacja\21_left_mazwanl5_normalized.png,C:\Studia\6 sem\biometria\projekt_2_koniec\rozpoznawanie-teczowki-biometria\results_mmu\normalizacja\21_left_mazwanl5_normalized.npy,128,128,8,128,ok
mazwanr1.bmp,C:\Studia\6 sem\biometria\projekt_2_koniec\rozpoznawanie-teczowki-biometria\results_mmu\normalizacja\21_right_mazwanr1_normalized.png,C:\Studia\6 sem\biometria\projekt_2_koniec\rozpoznawanie-teczowki-biometria\results_mmu\normalizacja\21_right_mazwanr1_normalized.npy,128,128,8,128,ok
mazwanr2.bmp,C:\Studia\6 sem\biometria\projekt_2_koniec\rozpoznawanie-teczowki-biometria\results_mmu\normalizacja\21_right_mazwanr2_normalized.png,C:\Studia\6 sem\biometria\projekt_2_koniec\rozpoznawanie-teczowki-biometria\results_mmu\normalizacja\21_right_mazwanr2_normalized.npy,128,128,8,128,ok
mazwanr3.bmp,C:\Studia\6 sem\biometria\projekt_2_koniec\rozpoznawanie-teczowki-biometria\results_mmu\normalizacja\21_right_mazwanr3_normalized.png,C:\Studia\6 sem\biometria\projekt_2_koniec\rozpoznawanie-teczowki-biometria\results_mmu\normalizacja\21_right_mazwanr3_normalized.npy,128,128,8,128,ok
mazwanr4.bmp,C:\Studia\6 sem\biometria\projekt_2_koniec\rozpoznawanie-teczowki-biometria\results_mmu\normalizacja\21_right_mazwanr4_normalized.png,C:\Studia\6 sem\biometria\projekt_2_koniec\rozpoznawanie-teczowki-biometria\results_mmu\normalizacja\21_right_mazwanr4_normalized.npy,128,128,8,128,ok
mazwanr5.bmp,C:\Studia\6 sem\biometria\projekt_2_koniec\rozpoznawanie-teczowki-biometria\results_mmu\normalizacja\21_right_mazwanr5_normalized.png,C:\Studia\6 sem\biometria\projekt_2_koniec\rozpoznawanie-teczowki-biometria\results_mmu\normalizacja\21_right_mazwanr5_normalized.npy,128,128,8,128,ok
mimil1.bmp,C:\Studia\6 sem\biometria\projekt_2_koniec\rozpoznawanie-teczowki-biometria\results_mmu\normalizacja\22_left_mimil1_normalized.png,C:\Studia\6 sem\biometria\projekt_2_koniec\rozpoznawanie-teczowki-biometria\results_mmu\normalizacja\22_left_mimil1_normalized.npy,128,128,8,128,ok
mimil2.bmp,C:\Studia\6 sem\biometria\projekt_2_koniec\rozpoznawanie-teczowki-biometria\results_mmu\normalizacja\22_left_mimil2_normalized.png,C:\Studia\6 sem\biometria\projekt_2_koniec\rozpoznawanie-teczowki-biometria\results_mmu\normalizacja\22_left_mimil2_normalized.npy,128,128,8,128,ok
mimil3.bmp,C:\Studia\6 sem\biometria\projekt_2_koniec\rozpoznawanie-teczowki-biometria\results_mmu\normalizacja\22_left_mimil3_normalized.png,C:\Studia\6 sem\biometria\projekt_2_koniec\rozpoznawanie-teczowki-biometria\results_mmu\normalizacja\22_left_mimil3_normalized.npy,128,128,8,128,ok
mimil4.bmp,C:\Studia\6 sem\biometria\projekt_2_koniec\rozpoznawanie-teczowki-biometria\results_mmu\normalizacja\22_left_mimil4_normalized.png,C:\Studia\6 sem\biometria\projekt_2_koniec\rozpoznawanie-teczowki-biometria\results_mmu\normalizacja\22_left_mimil4_normalized.npy,128,128,8,128,ok
mimil5.bmp,C:\Studia\6 sem\biometria\projekt_2_koniec\rozpoznawanie-teczowki-biometria\results_mmu\normalizacja\22_left_mimil5_normalized.png,C:\Studia\6 sem\biometria\projekt_2_koniec\rozpoznawanie-teczowki-biometria\results_mmu\normalizacja\22_left_mimil5_normalized.npy,128,128,8,128,ok
mimir1.bmp,C:\Studia\6 sem\biometria\projekt_2_koniec\rozpoznawanie-teczowki-biometria\results_mmu\normalizacja\22_right_mimir1_normalized.png,C:\Studia\6 sem\biometria\projekt_2_koniec\rozpoznawanie-teczowki-biometria\results_mmu\normalizacja\22_right_mimir1_normalized.npy,128,128,8,128,ok
mimir2.bmp,C:\Studia\6 sem\biometria\projekt_2_koniec\rozpoznawanie-teczowki-biometria\results_mmu\normalizacja\22_right_mimir2_normalized.png,C:\Studia\6 sem\biometria\projekt_2_koniec\rozpoznawanie-teczowki-biometria\results_mmu\normalizacja\22_right_mimir2_normalized.npy,128,128,8,128,ok
mimir3.bmp,C:\Studia\6 sem\biometria\projekt_2_koniec\rozpoznawanie-teczowki-biometria\results_mmu\normalizacja\22_right_mimir3_normalized.png,C:\Studia\6 sem\biometria\projekt_2_koniec\rozpoznawanie-teczowki-biometria\results_mmu\normalizacja\22_right_mimir3_normalized.npy,128,128,8,128,ok
mimir4.bmp,C:\Studia\6 sem\biometria\projekt_2_koniec\rozpoznawanie-teczowki-biometria\results_mmu\normalizacja\22_right_mimir4_normalized.png,C:\Studia\6 sem\biometria\projekt_2_koniec\rozpoznawanie-teczowki-biometria\results_mmu\normalizacja\22_right_mimir4_normalized.npy,128,128,8,128,ok
mimir5.bmp,C:\Studia\6 sem\biometria\projekt_2_koniec\rozpoznawanie-teczowki-biometria\results_mmu\normalizacja\22_right_mimir5_normalized.png,C:\Studia\6 sem\biometria\projekt_2_koniec\rozpoznawanie-teczowki-biometria\results_mmu\normalizacja\22_right_mimir5_normalized.npy,128,128,8,128,ok
minglil1.bmp,C:\Studia\6 sem\biometria\projekt_2_koniec\rozpoznawanie-teczowki-biometria\results_mmu\normalizacja\23_left_minglil1_normalized.png,C:\Studia\6 sem\biometria\projekt_2_koniec\rozpoznawanie-teczowki-biometria\results_mmu\normalizacja\23_left_minglil1_normalized.npy,128,128,8,128,ok
minglil2.bmp,C:\Studia\6 sem\biometria\projekt_2_koniec\rozpoznawanie-teczowki-biometria\results_mmu\normalizacja\23_left_minglil2_normalized.png,C:\Studia\6 sem\biometria\projekt_2_koniec\rozpoznawanie-teczowki-biometria\results_mmu\normalizacja\23_left_minglil2_normalized.npy,128,128,8,128,ok
minglil3.bmp,C:\Studia\6 sem\biometria\projekt_2_koniec\rozpoznawanie-teczowki-biometria\results_mmu\normalizacja\23_left_minglil3_normalized.png,C:\Studia\6 sem\biometria\projekt_2_koniec\rozpoznawanie-teczowki-biometria\results_mmu\normalizacja\23_left_minglil3_normalized.npy,128,128,8,128,ok
minglil4.bmp,C:\Studia\6 sem\biometria\projekt_2_koniec\rozpoznawanie-teczowki-biometria\results_mmu\normalizacja\23_left_minglil4_normalized.png,C:\Studia\6 sem\biometria\projekt_2_koniec\rozpoznawanie-teczowki-biometria\results_mmu\normalizacja\23_left_minglil4_normalized.npy,128,128,8,128,ok
minglil5.bmp,C:\Studia\6 sem\biometria\projekt_2_koniec\rozpoznawanie-teczowki-biometria\results_mmu\normalizacja\23_left_minglil5_normalized.png,C:\Studia\6 sem\biometria\projekt_2_koniec\rozpoznawanie-teczowki-biometria\results_mmu\normalizacja\23_left_minglil5_normalized.npy,128,128,8,128,ok
minglir1.bmp,C:\Studia\6 sem\biometria\projekt_2_koniec\rozpoznawanie-teczowki-biometria\results_mmu\normalizacja\23_right_minglir1_normalized.png,C:\Studia\6 sem\biometria\projekt_2_koniec\rozpoznawanie-teczowki-biometria\results_mmu\normalizacja\23_right_minglir1_normalized.npy,128,128,8,128,ok
minglir2.bmp,C:\Studia\6 sem\biometria\projekt_2_koniec\rozpoznawanie-teczowki-biometria\results_mmu\normalizacja\23_right_minglir2_normalized.png,C:\Studia\6 sem\biometria\projekt_2_koniec\rozpoznawanie-teczowki-biometria\results_mmu\normalizacja\23_right_minglir2_normalized.npy,128,128,8,128,ok
minglir3.bmp,C:\Studia\6 sem\biometria\projekt_2_koniec\rozpoznawanie-teczowki-biometria\results_mmu\normalizacja\23_right_minglir3_normalized.png,C:\Studia\6 sem\biometria\projekt_2_koniec\rozpoznawanie-teczowki-biometria\results_mmu\normalizacja\23_right_minglir3_normalized.npy,128,128,8,128,ok
minglir4.bmp,C:\Studia\6 sem\biometria\projekt_2_koniec\rozpoznawanie-teczowki-biometria\results_mmu\normalizacja\23_right_minglir4_normalized.png,C:\Studia\6 sem\biometria\projekt_2_koniec\rozpoznawanie-teczowki-biometria\results_mmu\normalizacja\23_right_minglir4_normalized.npy,128,128,8,128,ok
minglir5.bmp,C:\Studia\6 sem\biometria\projekt_2_koniec\rozpoznawanie-teczowki-biometria\results_mmu\normalizacja\23_right_minglir5_normalized.png,C:\Studia\6 sem\biometria\projekt_2_koniec\rozpoznawanie-teczowki-biometria\results_mmu\normalizacja\23_right_minglir5_normalized.npy,128,128,8,128,ok
ngkokwhyl1.bmp,C:\Studia\6 sem\biometria\projekt_2_koniec\rozpoznawanie-teczowki-biometria\results_mmu\normalizacja\24_left_ngkokwhyl1_normalized.png,C:\Studia\6 sem\biometria\projekt_2_koniec\rozpoznawanie-teczowki-biometria\results_mmu\normalizacja\24_left_ngkokwhyl1_normalized.npy,128,128,8,128,ok
ngkokwhyl2.bmp,C:\Studia\6 sem\biometria\projekt_2_koniec\rozpoznawanie-teczowki-biometria\results_mmu\normalizacja\24_left_ngkokwhyl2_normalized.png,C:\Studia\6 sem\biometria\projekt_2_koniec\rozpoznawanie-teczowki-biometria\results_mmu\normalizacja\24_left_ngkokwhyl2_normalized.npy,128,128,8,128,ok
ngkokwhyl3.bmp,C:\Studia\6 sem\biometria\projekt_2_koniec\rozpoznawanie-teczowki-biometria\results_mmu\normalizacja\24_left_ngkokwhyl3_normalized.png,C:\Studia\6 sem\biometria\projekt_2_koniec\rozpoznawanie-teczowki-biometria\results_mmu\normalizacja\24_left_ngkokwhyl3_normalized.npy,128,128,8,128,ok
ngkokwhyl4.bmp,C:\Studia\6 sem\biometria\projekt_2_koniec\rozpoznawanie-teczowki-biometria\results_mmu\normalizacja\24_left_ngkokwhyl4_normalized.png,C:\Studia\6 sem\biometria\projekt_2_koniec\rozpoznawanie-teczowki-biometria\results_mmu\normalizacja\24_left_ngkokwhyl4_normalized.npy,128,128,8,128,ok
ngkokwhyl5.bmp,C:\Studia\6 sem\biometria\projekt_2_koniec\rozpoznawanie-teczowki-biometria\results_mmu\normalizacja\24_left_ngkokwhyl5_normalized.png,C:\Studia\6 sem\biometria\projekt_2_koniec\rozpoznawanie-teczowki-biometria\results_mmu\normalizacja\24_left_ngkokwhyl5_normalized.npy,128,128,8,128,ok
ngkokwhyr1.bmp,C:\Studia\6 sem\biometria\projekt_2_koniec\rozpoznawanie-teczowki-biometria\results_mmu\normalizacja\24_right_ngkokwhyr1_normalized.png,C:\Studia\6 sem\biometria\projekt_2_koniec\rozpoznawanie-teczowki-biometria\results_mmu\normalizacja\24_right_ngkokwhyr1_normalized.npy,128,128,8,128,ok
ngkokwhyr2.bmp,C:\Studia\6 sem\biometria\projekt_2_koniec\rozpoznawanie-teczowki-biometria\results_mmu\normalizacja\24_right_ngkokwhyr2_normalized.png,C:\Studia\6 sem\biometria\projekt_2_koniec\rozpoznawanie-teczowki-biometria\results_mmu\normalizacja\24_right_ngkokwhyr2_normalized.npy,128,128,8,128,ok
ngkokwhyr3.bmp,C:\Studia\6 sem\biometria\projekt_2_koniec\rozpoznawanie-teczowki-biometria\results_mmu\normalizacja\24_right_ngkokwhyr3_normalized.png,C:\Studia\6 sem\biometria\projekt_2_koniec\rozpoznawanie-teczowki-biometria\results_mmu\normalizacja\24_right_ngkokwhyr3_normalized.npy,128,128,8,128,ok
ngkokwhyr4.bmp,C:\Studia\6 sem\biometria\projekt_2_koniec\rozpoznawanie-teczowki-biometria\results_mmu\normalizacja\24_right_ngkokwhyr4_normalized.png,C:\Studia\6 sem\biometria\projekt_2_koniec\rozpoznawanie-teczowki-biometria\results_mmu\normalizacja\24_right_ngkokwhyr4_normalized.npy,128,128,8,128,ok
ngkokwhyr5.bmp,C:\Studia\6 sem\biometria\projekt_2_koniec\rozpoznawanie-teczowki-biometria\results_mmu\normalizacja\24_right_ngkokwhyr5_normalized.png,C:\Studia\6 sem\biometria\projekt_2_koniec\rozpoznawanie-teczowki-biometria\results_mmu\normalizacja\24_right_ngkokwhyr5_normalized.npy,128,128,8,128,ok
nkll1.bmp,C:\Studia\6 sem\biometria\projekt_2_koniec\rozpoznawanie-teczowki-biometria\results_mmu\normalizacja\25_left_nkll1_normalized.png,C:\Studia\6 sem\biometria\projekt_2_koniec\rozpoznawanie-teczowki-biometria\results_mmu\normalizacja\25_left_nkll1_normalized.npy,128,128,8,128,ok
nkll2.bmp,C:\Studia\6 sem\biometria\projekt_2_koniec\rozpoznawanie-teczowki-biometria\results_mmu\normalizacja\25_left_nkll2_normalized.png,C:\Studia\6 sem\biometria\projekt_2_koniec\rozpoznawanie-teczowki-biometria\results_mmu\normalizacja\25_left_nkll2_normalized.npy,128,128,8,128,ok
nkll3.bmp,C:\Studia\6 sem\biometria\projekt_2_koniec\rozpoznawanie-teczowki-biometria\results_mmu\normalizacja\25_left_nkll3_normalized.png,C:\Studia\6 sem\biometria\projekt_2_koniec\rozpoznawanie-teczowki-biometria\results_mmu\normalizacja\25_left_nkll3_normalized.npy,128,128,8,128,ok
nkll4.bmp,C:\Studia\6 sem\biometria\projekt_2_koniec\rozpoznawanie-teczowki-biometria\results_mmu\normalizacja\25_left_nkll4_normalized.png,C:\Studia\6 sem\biometria\projekt_2_koniec\rozpoznawanie-teczowki-biometria\results_mmu\normalizacja\25_left_nkll4_normalized.npy,128,128,8,128,ok
nkll5.bmp,C:\Studia\6 sem\biometria\projekt_2_koniec\rozpoznawanie-teczowki-biometria\results_mmu\normalizacja\25_left_nkll5_normalized.png,C:\Studia\6 sem\biometria\projekt_2_koniec\rozpoznawanie-teczowki-biometria\results_mmu\normalizacja\25_left_nkll5_normalized.npy,128,128,8,128,ok
nklr1.bmp,C:\Studia\6 sem\biometria\projekt_2_koniec\rozpoznawanie-teczowki-biometria\results_mmu\normalizacja\25_right_nklr1_normalized.png,C:\Studia\6 sem\biometria\projekt_2_koniec\rozpoznawanie-teczowki-biometria\results_mmu\normalizacja\25_right_nklr1_normalized.npy,128,128,8,128,ok
nklr2.bmp,C:\Studia\6 sem\biometria\projekt_2_koniec\rozpoznawanie-teczowki-biometria\results_mmu\normalizacja\25_right_nklr2_normalized.png,C:\Studia\6 sem\biometria\projekt_2_koniec\rozpoznawanie-teczowki-biometria\results_mmu\normalizacja\25_right_nklr2_normalized.npy,128,128,8,128,ok
nklr3.bmp,C:\Studia\6 sem\biometria\projekt_2_koniec\rozpoznawanie-teczowki-biometria\results_mmu\normalizacja\25_right_nklr3_normalized.png,C:\Studia\6 sem\biometria\projekt_2_koniec\rozpoznawanie-teczowki-biometria\results_mmu\normalizacja\25_right_nklr3_normalized.npy,128,128,8,128,ok
nklr4.bmp,C:\Studia\6 sem\biometria\projekt_2_koniec\rozpoznawanie-teczowki-biometria\results_mmu\normalizacja\25_right_nklr4_normalized.png,C:\Studia\6 sem\biometria\projekt_2_koniec\rozpoznawanie-teczowki-biometria\results_mmu\normalizacja\25_right_nklr4_normalized.npy,128,128,8,128,ok
nklr5.bmp,C:\Studia\6 sem\biometria\projekt_2_koniec\rozpoznawanie-teczowki-biometria\results_mmu\normalizacja\25_right_nklr5_normalized.png,C:\Studia\6 sem\biometria\projekt_2_koniec\rozpoznawanie-teczowki-biometria\results_mmu\normalizacja\25_right_nklr5_normalized.npy,128,128,8,128,ok
norazal1.bmp,C:\Studia\6 sem\biometria\projekt_2_koniec\rozpoznawanie-teczowki-biometria\results_mmu\normalizacja\26_left_norazal1_normalized.png,C:\Studia\6 sem\biometria\projekt_2_koniec\rozpoznawanie-teczowki-biometria\results_mmu\normalizacja\26_left_norazal1_normalized.npy,128,128,8,128,ok
norazal2.bmp,C:\Studia\6 sem\biometria\projekt_2_koniec\rozpoznawanie-teczowki-biometria\results_mmu\normalizacja\26_left_norazal2_normalized.png,C:\Studia\6 sem\biometria\projekt_2_koniec\rozpoznawanie-teczowki-biometria\results_mmu\normalizacja\26_left_norazal2_normalized.npy,128,128,8,128,ok
norazal3.bmp,C:\Studia\6 sem\biometria\projekt_2_koniec\rozpoznawanie-teczowki-biometria\results_mmu\normalizacja\26_left_norazal3_normalized.png,C:\Studia\6 sem\biometria\projekt_2_koniec\rozpoznawanie-teczowki-biometria\results_mmu\normalizacja\26_left_norazal3_normalized.npy,128,128,8,128,ok
norazal4.bmp,C:\Studia\6 sem\biometria\projekt_2_koniec\rozpoznawanie-teczowki-biometria\results_mmu\normalizacja\26_left_norazal4_normalized.png,C:\Studia\6 sem\biometria\projekt_2_koniec\rozpoznawanie-teczowki-biometria\results_mmu\normalizacja\26_left_norazal4_normalized.npy,128,128,8,128,ok
norazal5.bmp,C:\Studia\6 sem\biometria\projekt_2_koniec\rozpoznawanie-teczowki-biometria\results_mmu\normalizacja\26_left_norazal5_normalized.png,C:\Studia\6 sem\biometria\projekt_2_koniec\rozpoznawanie-teczowki-biometria\results_mmu\normalizacja\26_left_norazal5_normalized.npy,128,128,8,128,ok
norazar1.bmp,C:\Studia\6 sem\biometria\projekt_2_koniec\rozpoznawanie-teczowki-biometria\results_mmu\normalizacja\26_right_norazar1_normalized.png,C:\Studia\6 sem\biometria\projekt_2_koniec\rozpoznawanie-teczowki-biometria\results_mmu\normalizacja\26_right_norazar1_normalized.npy,128,128,8,128,ok
norazar2.bmp,C:\Studia\6 sem\biometria\projekt_2_koniec\rozpoznawanie-teczowki-biometria\results_mmu\normalizacja\26_right_norazar2_normalized.png,C:\Studia\6 sem\biometria\projekt_2_koniec\rozpoznawanie-teczowki-biometria\results_mmu\normalizacja\26_right_norazar2_normalized.npy,128,128,8,128,ok
norazar3.bmp,C:\Studia\6 sem\biometria\projekt_2_koniec\rozpoznawanie-teczowki-biometria\results_mmu\normalizacja\26_right_norazar3_normalized.png,C:\Studia\6 sem\biometria\projekt_2_koniec\rozpoznawanie-teczowki-biometria\results_mmu\normalizacja\26_right_norazar3_normalized.npy,128,128,8,128,ok
norazar4.bmp,C:\Studia\6 sem\biometria\projekt_2_koniec\rozpoznawanie-teczowki-biometria\results_mmu\normalizacja\26_right_norazar4_normalized.png,C:\Studia\6 sem\biometria\projekt_2_koniec\rozpoznawanie-teczowki-biometria\results_mmu\normalizacja\26_right_norazar4_normalized.npy,128,128,8,128,ok
norazar5.bmp,C:\Studia\6 sem\biometria\projekt_2_koniec\rozpoznawanie-teczowki-biometria\results_mmu\normalizacja\26_right_norazar5_normalized.png,C:\Studia\6 sem\biometria\projekt_2_koniec\rozpoznawanie-teczowki-biometria\results_mmu\normalizacja\26_right_norazar5_normalized.npy,128,128,8,128,ok
norsuhaidahl1.bmp,C:\Studia\6 sem\biometria\projekt_2_koniec\rozpoznawanie-teczowki-biometria\results_mmu\normalizacja\27_left_norsuhaidahl1_normalized.png,C:\Studia\6 sem\biometria\projekt_2_koniec\rozpoznawanie-teczowki-biometria\results_mmu\normalizacja\27_left_norsuhaidahl1_normalized.npy,128,128,8,128,ok
norsuhaidahl2.bmp,C:\Studia\6 sem\biometria\projekt_2_koniec\rozpoznawanie-teczowki-biometria\results_mmu\normalizacja\27_left_norsuhaidahl2_normalized.png,C:\Studia\6 sem\biometria\projekt_2_koniec\rozpoznawanie-teczowki-biometria\results_mmu\normalizacja\27_left_norsuhaidahl2_normalized.npy,128,128,8,128,ok
norsuhaidahl3.bmp,C:\Studia\6 sem\biometria\projekt_2_koniec\rozpoznawanie-teczowki-biometria\results_mmu\normalizacja\27_left_norsuhaidahl3_normalized.png,C:\Studia\6 sem\biometria\projekt_2_koniec\rozpoznawanie-teczowki-biometria\results_mmu\normalizacja\27_left_norsuhaidahl3_normalized.npy,128,128,8,128,ok
norsuhaidahl4.bmp,C:\Studia\6 sem\biometria\projekt_2_koniec\rozpoznawanie-teczowki-biometria\results_mmu\normalizacja\27_left_norsuhaidahl4_normalized.png,C:\Studia\6 sem\biometria\projekt_2_koniec\rozpoznawanie-teczowki-biometria\results_mmu\normalizacja\27_left_norsuhaidahl4_normalized.npy,128,128,8,128,ok
norsuhaidahl5.bmp,C:\Studia\6 sem\biometria\projekt_2_koniec\rozpoznawanie-teczowki-biometria\results_mmu\normalizacja\27_left_norsuhaidahl5_normalized.png,C:\Studia\6 sem\biometria\projekt_2_koniec\rozpoznawanie-teczowki-biometria\results_mmu\normalizacja\27_left_norsuhaidahl5_normalized.npy,128,128,8,128,ok
norsuhaidahr1.bmp,C:\Studia\6 sem\biometria\projekt_2_koniec\rozpoznawanie-teczowki-biometria\results_mmu\normalizacja\27_right_norsuhaidahr1_normalized.png,C:\Studia\6 sem\biometria\projekt_2_koniec\rozpoznawanie-teczowki-biometria\results_mmu\normalizacja\27_right_norsuhaidahr1_normalized.npy,128,128,8,128,ok
norsuhaidahr2.bmp,C:\Studia\6 sem\biometria\projekt_2_koniec\rozpoznawanie-teczowki-biometria\results_mmu\normalizacja\27_right_norsuhaidahr2_normalized.png,C:\Studia\6 sem\biometria\projekt_2_koniec\rozpoznawanie-teczowki-biometria\results_mmu\normalizacja\27_right_norsuhaidahr2_normalized.npy,128,128,8,128,ok
norsuhaidahr3.bmp,C:\Studia\6 sem\biometria\projekt_2_koniec\rozpoznawanie-teczowki-biometria\results_mmu\normalizacja\27_right_norsuhaidahr3_normalized.png,C:\Studia\6 sem\biometria\projekt_2_koniec\rozpoznawanie-teczowki-biometria\results_mmu\normalizacja\27_right_norsuhaidahr3_normalized.npy,128,128,8,128,ok
norsuhaidahr4.bmp,C:\Studia\6 sem\biometria\projekt_2_koniec\rozpoznawanie-teczowki-biometria\results_mmu\normalizacja\27_right_norsuhaidahr4_normalized.png,C:\Studia\6 sem\biometria\projekt_2_koniec\rozpoznawanie-teczowki-biometria\results_mmu\normalizacja\27_right_norsuhaidahr4_normalized.npy,128,128,8,128,ok
norsuhaidahr5.bmp,C:\Studia\6 sem\biometria\projekt_2_koniec\rozpoznawanie-teczowki-biometria\results_mmu\normalizacja\27_right_norsuhaidahr5_normalized.png,C:\Studia\6 sem\biometria\projekt_2_koniec\rozpoznawanie-teczowki-biometria\results_mmu\normalizacja\27_right_norsuhaidahr5_normalized.npy,128,128,8,128,ok
ongbll1.bmp,C:\Studia\6 sem\biometria\projekt_2_koniec\rozpoznawanie-teczowki-biometria\results_mmu\normalizacja\28_left_ongbll1_normalized.png,C:\Studia\6 sem\biometria\projekt_2_koniec\rozpoznawanie-teczowki-biometria\results_mmu\normalizacja\28_left_ongbll1_normalized.npy,128,128,8,128,ok
ongbll2.bmp,C:\Studia\6 sem\biometria\projekt_2_koniec\rozpoznawanie-teczowki-biometria\results_mmu\normalizacja\28_left_ongbll2_normalized.png,C:\Studia\6 sem\biometria\projekt_2_koniec\rozpoznawanie-teczowki-biometria\results_mmu\normalizacja\28_left_ongbll2_normalized.npy,128,128,8,128,ok
ongbll3.bmp,C:\Studia\6 sem\biometria\projekt_2_koniec\rozpoznawanie-teczowki-biometria\results_mmu\normalizacja\28_left_ongbll3_normalized.png,C:\Studia\6 sem\biometria\projekt_2_koniec\rozpoznawanie-teczowki-biometria\results_mmu\normalizacja\28_left_ongbll3_normalized.npy,128,128,8,128,ok
ongbll4.bmp,C:\Studia\6 sem\biometria\projekt_2_koniec\rozpoznawanie-teczowki-biometria\results_mmu\normalizacja\28_left_ongbll4_normalized.png,C:\Studia\6 sem\biometria\projekt_2_koniec\rozpoznawanie-teczowki-biometria\results_mmu\normalizacja\28_left_ongbll4_normalized.npy,128,128,8,128,ok
ongbll5.bmp,C:\Studia\6 sem\biometria\projekt_2_koniec\rozpoznawanie-teczowki-biometria\results_mmu\normalizacja\28_left_ongbll5_normalized.png,C:\Studia\6 sem\biometria\projekt_2_koniec\rozpoznawanie-teczowki-biometria\results_mmu\normalizacja\28_left_ongbll5_normalized.npy,128,128,8,128,ok
ongblr1.bmp,C:\Studia\6 sem\biometria\projekt_2_koniec\rozpoznawanie-teczowki-biometria\results_mmu\normalizacja\28_right_ongblr1_normalized.png,C:\Studia\6 sem\biometria\projekt_2_koniec\rozpoznawanie-teczowki-biometria\results_mmu\normalizacja\28_right_ongblr1_normalized.npy,128,128,8,128,ok
ongblr2.bmp,C:\Studia\6 sem\biometria\projekt_2_koniec\rozpoznawanie-teczowki-biometria\results_mmu\normalizacja\28_right_ongblr2_normalized.png,C:\Studia\6 sem\biometria\projekt_2_koniec\rozpoznawanie-teczowki-biometria\results_mmu\normalizacja\28_right_ongblr2_normalized.npy,128,128,8,128,ok
ongblr3.bmp,C:\Studia\6 sem\biometria\projekt_2_koniec\rozpoznawanie-teczowki-biometria\results_mmu\normalizacja\28_right_ongblr3_normalized.png,C:\Studia\6 sem\biometria\projekt_2_koniec\rozpoznawanie-teczowki-biometria\results_mmu\normalizacja\28_right_ongblr3_normalized.npy,128,128,8,128,ok
ongblr4.bmp,C:\Studia\6 sem\biometria\projekt_2_koniec\rozpoznawanie-teczowki-biometria\results_mmu\normalizacja\28_right_ongblr4_normalized.png,C:\Studia\6 sem\biometria\projekt_2_koniec\rozpoznawanie-teczowki-biometria\results_mmu\normalizacja\28_right_ongblr4_normalized.npy,128,128,8,128,ok
ongblr5.bmp,C:\Studia\6 sem\biometria\projekt_2_koniec\rozpoznawanie-teczowki-biometria\results_mmu\normalizacja\28_right_ongblr5_normalized.png,C:\Studia\6 sem\biometria\projekt_2_koniec\rozpoznawanie-teczowki-biometria\results_mmu\normalizacja\28_right_ongblr5_normalized.npy,128,128,8,128,ok
pcll1.bmp,C:\Studia\6 sem\biometria\projekt_2_koniec\rozpoznawanie-teczowki-biometria\results_mmu\normalizacja\29_left_pcll1_normalized.png,C:\Studia\6 sem\biometria\projekt_2_koniec\rozpoznawanie-teczowki-biometria\results_mmu\normalizacja\29_left_pcll1_normalized.npy,128,128,8,128,ok
pcll2.bmp,C:\Studia\6 sem\biometria\projekt_2_koniec\rozpoznawanie-teczowki-biometria\results_mmu\normalizacja\29_left_pcll2_normalized.png,C:\Studia\6 sem\biometria\projekt_2_koniec\rozpoznawanie-teczowki-biometria\results_mmu\normalizacja\29_left_pcll2_normalized.npy,128,128,8,128,ok
pcll3.bmp,C:\Studia\6 sem\biometria\projekt_2_koniec\rozpoznawanie-teczowki-biometria\results_mmu\normalizacja\29_left_pcll3_normalized.png,C:\Studia\6 sem\biometria\projekt_2_koniec\rozpoznawanie-teczowki-biometria\results_mmu\normalizacja\29_left_pcll3_normalized.npy,128,128,8,128,ok
pcll4.bmp,C:\Studia\6 sem\biometria\projekt_2_koniec\rozpoznawanie-teczowki-biometria\results_mmu\normalizacja\29_left_pcll4_normalized.png,C:\Studia\6 sem\biometria\projekt_2_koniec\rozpoznawanie-teczowki-biometria\results_mmu\normalizacja\29_left_pcll4_normalized.npy,128,128,8,128,ok
pcll5.bmp,C:\Studia\6 sem\biometria\projekt_2_koniec\rozpoznawanie-teczowki-biometria\results_mmu\normalizacja\29_left_pcll5_normalized.png,C:\Studia\6 sem\biometria\projekt_2_koniec\rozpoznawanie-teczowki-biometria\results_mmu\normalizacja\29_left_pcll5_normalized.npy,128,128,8,128,ok
pclr1.bmp,C:\Studia\6 sem\biometria\projekt_2_koniec\rozpoznawanie-teczowki-biometria\results_mmu\normalizacja\29_right_pclr1_normalized.png,C:\Studia\6 sem\biometria\projekt_2_koniec\rozpoznawanie-teczowki-biometria\results_mmu\normalizacja\29_right_pclr1_normalized.npy,128,128,8,128,ok
pclr2.bmp,C:\Studia\6 sem\biometria\projekt_2_koniec\rozpoznawanie-teczowki-biometria\results_mmu\normalizacja\29_right_pclr2_normalized.png,C:\Studia\6 sem\biometria\projekt_2_koniec\rozpoznawanie-teczowki-biometria\results_mmu\normalizacja\29_right_pclr2_normalized.npy,128,128,8,128,ok
pclr3.bmp,C:\Studia\6 sem\biometria\projekt_2_koniec\rozpoznawanie-teczowki-biometria\results_mmu\normalizacja\29_right_pclr3_normalized.png,C:\Studia\6 sem\biometria\projekt_2_koniec\rozpoznawanie-teczowki-biometria\results_mmu\normalizacja\29_right_pclr3_normalized.npy,128,128,8,128,ok
pclr4.bmp,C:\Studia\6 sem\biometria\projekt_2_koniec\rozpoznawanie-teczowki-biometria\results_mmu\normalizacja\29_right_pclr4_normalized.png,C:\Studia\6 sem\biometria\projekt_2_koniec\rozpoznawanie-teczowki-biometria\results_mmu\normalizacja\29_right_pclr4_normalized.npy,128,128,8,128,ok
pclr5.bmp,C:\Studia\6 sem\biometria\projekt_2_koniec\rozpoznawanie-teczowki-biometria\results_mmu\normalizacja\29_right_pclr5_normalized.png,C:\Studia\6 sem\biometria\projekt_2_koniec\rozpoznawanie-teczowki-biometria\results_mmu\normalizacja\29_right_pclr5_normalized.npy,128,128,8,128,ok
chingycl1.bmp,C:\Studia\6 sem\biometria\projekt_2_koniec\rozpoznawanie-teczowki-biometria\results_mmu\normalizacja\3_left_chingycl1_normalized.png,C:\Studia\6 sem\biometria\projekt_2_koniec\rozpoznawanie-teczowki-biometria\results_mmu\normalizacja\3_left_chingycl1_normalized.npy,128,128,8,128,ok
chingycl2.bmp,C:\Studia\6 sem\biometria\projekt_2_koniec\rozpoznawanie-teczowki-biometria\results_mmu\normalizacja\3_left_chingycl2_normalized.png,C:\Studia\6 sem\biometria\projekt_2_koniec\rozpoznawanie-teczowki-biometria\results_mmu\normalizacja\3_left_chingycl2_normalized.npy,128,128,8,128,ok
chingycl3.bmp,C:\Studia\6 sem\biometria\projekt_2_koniec\rozpoznawanie-teczowki-biometria\results_mmu\normalizacja\3_left_chingycl3_normalized.png,C:\Studia\6 sem\biometria\projekt_2_koniec\rozpoznawanie-teczowki-biometria\results_mmu\normalizacja\3_left_chingycl3_normalized.npy,128,128,8,128,ok
chingycl4.bmp,C:\Studia\6 sem\biometria\projekt_2_koniec\rozpoznawanie-teczowki-biometria\results_mmu\normalizacja\3_left_chingycl4_normalized.png,C:\Studia\6 sem\biometria\projekt_2_koniec\rozpoznawanie-teczowki-biometria\results_mmu\normalizacja\3_left_chingycl4_normalized.npy,128,128,8,128,ok
chingycl5.bmp,C:\Studia\6 sem\biometria\projekt_2_koniec\rozpoznawanie-teczowki-biometria\results_mmu\normalizacja\3_left_chingycl5_normalized.png,C:\Studia\6 sem\biometria\projekt_2_koniec\rozpoznawanie-teczowki-biometria\results_mmu\normalizacja\3_left_chingycl5_normalized.npy,128,128,8,128,ok
chingycr1.bmp,C:\Studia\6 sem\biometria\projekt_2_koniec\rozpoznawanie-teczowki-biometria\results_mmu\normalizacja\3_right_chingycr1_normalized.png,C:\Studia\6 sem\biometria\projekt_2_koniec\rozpoznawanie-teczowki-biometria\results_mmu\normalizacja\3_right_chingycr1_normalized.npy,128,128,8,128,ok
chingycr2.bmp,C:\Studia\6 sem\biometria\projekt_2_koniec\rozpoznawanie-teczowki-biometria\results_mmu\normalizacja\3_right_chingycr2_normalized.png,C:\Studia\6 sem\biometria\projekt_2_koniec\rozpoznawanie-teczowki-biometria\results_mmu\normalizacja\3_right_chingycr2_normalized.npy,128,128,8,128,ok
chingycr3.bmp,C:\Studia\6 sem\biometria\projekt_2_koniec\rozpoznawanie-teczowki-biometria\results_mmu\normalizacja\3_right_chingycr3_normalized.png,C:\Studia\6 sem\biometria\projekt_2_koniec\rozpoznawanie-teczowki-biometria\results_mmu\normalizacja\3_right_chingycr3_normalized.npy,128,128,8,128,ok
chingycr4.bmp,C:\Studia\6 sem\biometria\projekt_2_koniec\rozpoznawanie-teczowki-biometria\results_mmu\normalizacja\3_right_chingycr4_normalized.png,C:\Studia\6 sem\biometria\projekt_2_koniec\rozpoznawanie-teczowki-biometria\results_mmu\normalizacja\3_right_chingycr4_normalized.npy,128,128,8,128,ok
chingycr5.bmp,C:\Studia\6 sem\biometria\projekt_2_koniec\rozpoznawanie-teczowki-biometria\results_mmu\normalizacja\3_right_chingycr5_normalized.png,C:\Studia\6 sem\biometria\projekt_2_koniec\rozpoznawanie-teczowki-biometria\results_mmu\normalizacja\3_right_chingycr5_normalized.npy,128,128,8,128,ok
philipl1.bmp,C:\Studia\6 sem\biometria\projekt_2_koniec\rozpoznawanie-teczowki-biometria\results_mmu\normalizacja\30_left_philipl1_normalized.png,C:\Studia\6 sem\biometria\projekt_2_koniec\rozpoznawanie-teczowki-biometria\results_mmu\normalizacja\30_left_philipl1_normalized.npy,128,128,8,128,ok
philipl2.bmp,C:\Studia\6 sem\biometria\projekt_2_koniec\rozpoznawanie-teczowki-biometria\results_mmu\normalizacja\30_left_philipl2_normalized.png,C:\Studia\6 sem\biometria\projekt_2_koniec\rozpoznawanie-teczowki-biometria\results_mmu\normalizacja\30_left_philipl2_normalized.npy,128,128,8,128,ok
philipl3.bmp,C:\Studia\6 sem\biometria\projekt_2_koniec\rozpoznawanie-teczowki-biometria\results_mmu\normalizacja\30_left_philipl3_normalized.png,C:\Studia\6 sem\biometria\projekt_2_koniec\rozpoznawanie-teczowki-biometria\results_mmu\normalizacja\30_left_philipl3_normalized.npy,128,128,8,128,ok
philipl4.bmp,C:\Studia\6 sem\biometria\projekt_2_koniec\rozpoznawanie-teczowki-biometria\results_mmu\normalizacja\30_left_philipl4_normalized.png,C:\Studia\6 sem\biometria\projekt_2_koniec\rozpoznawanie-teczowki-biometria\results_mmu\normalizacja\30_left_philipl4_normalized.npy,128,128,8,128,ok
philipl5.bmp,C:\Studia\6 sem\biometria\projekt_2_koniec\rozpoznawanie-teczowki-biometria\results_mmu\normalizacja\30_left_philipl5_normalized.png,C:\Studia\6 sem\biometria\projekt_2_koniec\rozpoznawanie-teczowki-biometria\results_mmu\normalizacja\30_left_philipl5_normalized.npy,128,128,8,128,ok
philipr1.bmp,C:\Studia\6 sem\biometria\projekt_2_koniec\rozpoznawanie-teczowki-biometria\results_mmu\normalizacja\30_right_philipr1_normalized.png,C:\Studia\6 sem\biometria\projekt_2_koniec\rozpoznawanie-teczowki-biometria\results_mmu\normalizacja\30_right_philipr1_normalized.npy,128,128,8,128,ok
philipr2.bmp,C:\Studia\6 sem\biometria\projekt_2_koniec\rozpoznawanie-teczowki-biometria\results_mmu\normalizacja\30_right_philipr2_normalized.png,C:\Studia\6 sem\biometria\projekt_2_koniec\rozpoznawanie-teczowki-biometria\results_mmu\normalizacja\30_right_philipr2_normalized.npy,128,128,8,128,ok
philipr3.bmp,C:\Studia\6 sem\biometria\projekt_2_koniec\rozpoznawanie-teczowki-biometria\results_mmu\normalizacja\30_right_philipr3_normalized.png,C:\Studia\6 sem\biometria\projekt_2_koniec\rozpoznawanie-teczowki-biometria\results_mmu\normalizacja\30_right_philipr3_normalized.npy,128,128,8,128,ok
philipr4.bmp,C:\Studia\6 sem\biometria\projekt_2_koniec\rozpoznawanie-teczowki-biometria\results_mmu\normalizacja\30_right_philipr4_normalized.png,C:\Studia\6 sem\biometria\projekt_2_koniec\rozpoznawanie-teczowki-biometria\results_mmu\normalizacja\30_right_philipr4_normalized.npy,128,128,8,128,ok
philipr5.bmp,C:\Studia\6 sem\biometria\projekt_2_koniec\rozpoznawanie-teczowki-biometria\results_mmu\normalizacja\30_right_philipr5_normalized.png,C:\Studia\6 sem\biometria\projekt_2_koniec\rozpoznawanie-teczowki-biometria\results_mmu\normalizacja\30_right_philipr5_normalized.npy,128,128,8,128,ok
roslil1.bmp,C:\Studia\6 sem\biometria\projekt_2_koniec\rozpoznawanie-teczowki-biometria\results_mmu\normalizacja\31_left_roslil1_normalized.png,C:\Studia\6 sem\biometria\projekt_2_koniec\rozpoznawanie-teczowki-biometria\results_mmu\normalizacja\31_left_roslil1_normalized.npy,128,128,8,128,ok
roslil2.bmp,C:\Studia\6 sem\biometria\projekt_2_koniec\rozpoznawanie-teczowki-biometria\results_mmu\normalizacja\31_left_roslil2_normalized.png,C:\Studia\6 sem\biometria\projekt_2_koniec\rozpoznawanie-teczowki-biometria\results_mmu\normalizacja\31_left_roslil2_normalized.npy,128,128,8,128,ok
roslil3.bmp,C:\Studia\6 sem\biometria\projekt_2_koniec\rozpoznawanie-teczowki-biometria\results_mmu\normalizacja\31_left_roslil3_normalized.png,C:\Studia\6 sem\biometria\projekt_2_koniec\rozpoznawanie-teczowki-biometria\results_mmu\normalizacja\31_left_roslil3_normalized.npy,128,128,8,128,ok
roslil4.bmp,C:\Studia\6 sem\biometria\projekt_2_koniec\rozpoznawanie-teczowki-biometria\results_mmu\normalizacja\31_left_roslil4_normalized.png,C:\Studia\6 sem\biometria\projekt_2_koniec\rozpoznawanie-teczowki-biometria\results_mmu\normalizacja\31_left_roslil4_normalized.npy,128,128,8,128,ok
roslil5.bmp,C:\Studia\6 sem\biometria\projekt_2_koniec\rozpoznawanie-teczowki-biometria\results_mmu\normalizacja\31_left_roslil5_normalized.png,C:\Studia\6 sem\biometria\projekt_2_koniec\rozpoznawanie-teczowki-biometria\results_mmu\normalizacja\31_left_roslil5_normalized.npy,128,128,8,128,ok
roslir1.bmp,C:\Studia\6 sem\biometria\projekt_2_koniec\rozpoznawanie-teczowki-biometria\results_mmu\normalizacja\31_right_roslir1_normalized.png,C:\Studia\6 sem\biometria\projekt_2_koniec\rozpoznawanie-teczowki-biometria\results_mmu\normalizacja\31_right_roslir1_normalized.npy,128,128,8,128,ok
roslir2.bmp,C:\Studia\6 sem\biometria\projekt_2_koniec\rozpoznawanie-teczowki-biometria\results_mmu\normalizacja\31_right_roslir2_normalized.png,C:\Studia\6 sem\biometria\projekt_2_koniec\rozpoznawanie-teczowki-biometria\results_mmu\normalizacja\31_right_roslir2_normalized.npy,128,128,8,128,ok
roslir3.bmp,C:\Studia\6 sem\biometria\projekt_2_koniec\rozpoznawanie-teczowki-biometria\results_mmu\normalizacja\31_right_roslir3_normalized.png,C:\Studia\6 sem\biometria\projekt_2_koniec\rozpoznawanie-teczowki-biometria\results_mmu\normalizacja\31_right_roslir3_normalized.npy,128,128,8,128,ok
roslir4.bmp,C:\Studia\6 sem\biometria\projekt_2_koniec\rozpoznawanie-teczowki-biometria\results_mmu\normalizacja\31_right_roslir4_normalized.png,C:\Studia\6 sem\biometria\projekt_2_koniec\rozpoznawanie-teczowki-biometria\results_mmu\normalizacja\31_right_roslir4_normalized.npy,128,128,8,128,ok
roslir5.bmp,C:\Studia\6 sem\biometria\projekt_2_koniec\rozpoznawanie-teczowki-biometria\results_mmu\normalizacja\31_right_roslir5_normalized.png,C:\Studia\6 sem\biometria\projekt_2_koniec\rozpoznawanie-teczowki-biometria\results_mmu\normalizacja\31_right_roslir5_normalized.npy,128,128,8,128,ok
salal1.bmp,C:\Studia\6 sem\biometria\projekt_2_koniec\rozpoznawanie-teczowki-biometria\results_mmu\normalizacja\32_left_salal1_normalized.png,C:\Studia\6 sem\biometria\projekt_2_koniec\rozpoznawanie-teczowki-biometria\results_mmu\normalizacja\32_left_salal1_normalized.npy,128,128,8,128,ok
salal2.bmp,C:\Studia\6 sem\biometria\projekt_2_koniec\rozpoznawanie-teczowki-biometria\results_mmu\normalizacja\32_left_salal2_normalized.png,C:\Studia\6 sem\biometria\projekt_2_koniec\rozpoznawanie-teczowki-biometria\results_mmu\normalizacja\32_left_salal2_normalized.npy,128,128,8,128,ok
salal3.bmp,C:\Studia\6 sem\biometria\projekt_2_koniec\rozpoznawanie-teczowki-biometria\results_mmu\normalizacja\32_left_salal3_normalized.png,C:\Studia\6 sem\biometria\projekt_2_koniec\rozpoznawanie-teczowki-biometria\results_mmu\normalizacja\32_left_salal3_normalized.npy,128,128,8,128,ok
salal4.bmp,C:\Studia\6 sem\biometria\projekt_2_koniec\rozpoznawanie-teczowki-biometria\results_mmu\normalizacja\32_left_salal4_normalized.png,C:\Studia\6 sem\biometria\projekt_2_koniec\rozpoznawanie-teczowki-biometria\results_mmu\normalizacja\32_left_salal4_normalized.npy,128,128,8,128,ok
salal5.bmp,C:\Studia\6 sem\biometria\projekt_2_koniec\rozpoznawanie-teczowki-biometria\results_mmu\normalizacja\32_left_salal5_normalized.png,C:\Studia\6 sem\biometria\projekt_2_koniec\rozpoznawanie-teczowki-biometria\results_mmu\normalizacja\32_left_salal5_normalized.npy,128,128,8,128,ok
salar1.bmp,C:\Studia\6 sem\biometria\projekt_2_koniec\rozpoznawanie-teczowki-biometria\results_mmu\normalizacja\32_right_salar1_normalized.png,C:\Studia\6 sem\biometria\projekt_2_koniec\rozpoznawanie-teczowki-biometria\results_mmu\normalizacja\32_right_salar1_normalized.npy,128,128,8,128,ok
salar2.bmp,C:\Studia\6 sem\biometria\projekt_2_koniec\rozpoznawanie-teczowki-biometria\results_mmu\normalizacja\32_right_salar2_normalized.png,C:\Studia\6 sem\biometria\projekt_2_koniec\rozpoznawanie-teczowki-biometria\results_mmu\normalizacja\32_right_salar2_normalized.npy,128,128,8,128,ok
salar3.bmp,C:\Studia\6 sem\biometria\projekt_2_koniec\rozpoznawanie-teczowki-biometria\results_mmu\normalizacja\32_right_salar3_normalized.png,C:\Studia\6 sem\biometria\projekt_2_koniec\rozpoznawanie-teczowki-biometria\results_mmu\normalizacja\32_right_salar3_normalized.npy,128,128,8,128,ok
salar4.bmp,C:\Studia\6 sem\biometria\projekt_2_koniec\rozpoznawanie-teczowki-biometria\results_mmu\normalizacja\32_right_salar4_normalized.png,C:\Studia\6 sem\biometria\projekt_2_koniec\rozpoznawanie-teczowki-biometria\results_mmu\normalizacja\32_right_salar4_normalized.npy,128,128,8,128,ok
salar5.bmp,C:\Studia\6 sem\biometria\projekt_2_koniec\rozpoznawanie-teczowki-biometria\results_mmu\normalizacja\32_right_salar5_normalized.png,C:\Studia\6 sem\biometria\projekt_2_koniec\rozpoznawanie-teczowki-biometria\results_mmu\normalizacja\32_right_salar5_normalized.npy,128,128,8,128,ok
sarinal1.bmp,C:\Studia\6 sem\biometria\projekt_2_koniec\rozpoznawanie-teczowki-biometria\results_mmu\normalizacja\33_left_sarinal1_normalized.png,C:\Studia\6 sem\biometria\projekt_2_koniec\rozpoznawanie-teczowki-biometria\results_mmu\normalizacja\33_left_sarinal1_normalized.npy,128,128,8,128,ok
sarinal2.bmp,C:\Studia\6 sem\biometria\projekt_2_koniec\rozpoznawanie-teczowki-biometria\results_mmu\normalizacja\33_left_sarinal2_normalized.png,C:\Studia\6 sem\biometria\projekt_2_koniec\rozpoznawanie-teczowki-biometria\results_mmu\normalizacja\33_left_sarinal2_normalized.npy,128,128,8,128,ok
sarinal3.bmp,C:\Studia\6 sem\biometria\projekt_2_koniec\rozpoznawanie-teczowki-biometria\results_mmu\normalizacja\33_left_sarinal3_normalized.png,C:\Studia\6 sem\biometria\projekt_2_koniec\rozpoznawanie-teczowki-biometria\results_mmu\normalizacja\33_left_sarinal3_normalized.npy,128,128,8,128,ok
sarinal4.bmp,C:\Studia\6 sem\biometria\projekt_2_koniec\rozpoznawanie-teczowki-biometria\results_mmu\normalizacja\33_left_sarinal4_normalized.png,C:\Studia\6 sem\biometria\projekt_2_koniec\rozpoznawanie-teczowki-biometria\results_mmu\normalizacja\33_left_sarinal4_normalized.npy,128,128,8,128,ok
sarinal5.bmp,C:\Studia\6 sem\biometria\projekt_2_koniec\rozpoznawanie-teczowki-biometria\results_mmu\normalizacja\33_left_sarinal5_normalized.png,C:\Studia\6 sem\biometria\projekt_2_koniec\rozpoznawanie-teczowki-biometria\results_mmu\normalizacja\33_left_sarinal5_normalized.npy,128,128,8,128,ok
sarinar1.bmp,C:\Studia\6 sem\biometria\projekt_2_koniec\rozpoznawanie-teczowki-biometria\results_mmu\normalizacja\33_right_sarinar1_normalized.png,C:\Studia\6 sem\biometria\projekt_2_koniec\rozpoznawanie-teczowki-biometria\results_mmu\normalizacja\33_right_sarinar1_normalized.npy,128,128,8,128,ok
sarinar2.bmp,C:\Studia\6 sem\biometria\projekt_2_koniec\rozpoznawanie-teczowki-biometria\results_mmu\normalizacja\33_right_sarinar2_normalized.png,C:\Studia\6 sem\biometria\projekt_2_koniec\rozpoznawanie-teczowki-biometria\results_mmu\normalizacja\33_right_sarinar2_normalized.npy,128,128,8,128,ok
sarinar3.bmp,C:\Studia\6 sem\biometria\projekt_2_koniec\rozpoznawanie-teczowki-biometria\results_mmu\normalizacja\33_right_sarinar3_normalized.png,C:\Studia\6 sem\biometria\projekt_2_koniec\rozpoznawanie-teczowki-biometria\results_mmu\normalizacja\33_right_sarinar3_normalized.npy,128,128,8,128,ok
sarinar4.bmp,C:\Studia\6 sem\biometria\projekt_2_koniec\rozpoznawanie-teczowki-biometria\results_mmu\normalizacja\33_right_sarinar4_normalized.png,C:\Studia\6 sem\biometria\projekt_2_koniec\rozpoznawanie-teczowki-biometria\results_mmu\normalizacja\33_right_sarinar4_normalized.npy,128,128,8,128,ok
sarinar5.bmp,C:\Studia\6 sem\biometria\projekt_2_koniec\rozpoznawanie-teczowki-biometria\results_mmu\normalizacja\33_right_sarinar5_normalized.png,C:\Studia\6 sem\biometria\projekt_2_koniec\rozpoznawanie-teczowki-biometria\results_mmu\normalizacja\33_right_sarinar5_normalized.npy,128,128,8,128,ok
sitil1.bmp,C:\Studia\6 sem\biometria\projekt_2_koniec\rozpoznawanie-teczowki-biometria\results_mmu\normalizacja\34_left_sitil1_normalized.png,C:\Studia\6 sem\biometria\projekt_2_koniec\rozpoznawanie-teczowki-biometria\results_mmu\normalizacja\34_left_sitil1_normalized.npy,128,128,8,128,ok
sitil2.bmp,C:\Studia\6 sem\biometria\projekt_2_koniec\rozpoznawanie-teczowki-biometria\results_mmu\normalizacja\34_left_sitil2_normalized.png,C:\Studia\6 sem\biometria\projekt_2_koniec\rozpoznawanie-teczowki-biometria\results_mmu\normalizacja\34_left_sitil2_normalized.npy,128,128,8,128,ok
sitil3.bmp,C:\Studia\6 sem\biometria\projekt_2_koniec\rozpoznawanie-teczowki-biometria\results_mmu\normalizacja\34_left_sitil3_normalized.png,C:\Studia\6 sem\biometria\projekt_2_koniec\rozpoznawanie-teczowki-biometria\results_mmu\normalizacja\34_left_sitil3_normalized.npy,128,128,8,128,ok
sitil4.bmp,C:\Studia\6 sem\biometria\projekt_2_koniec\rozpoznawanie-teczowki-biometria\results_mmu\normalizacja\34_left_sitil4_normalized.png,C:\Studia\6 sem\biometria\projekt_2_koniec\rozpoznawanie-teczowki-biometria\results_mmu\normalizacja\34_left_sitil4_normalized.npy,128,128,8,128,ok
sitil5.bmp,C:\Studia\6 sem\biometria\projekt_2_koniec\rozpoznawanie-teczowki-biometria\results_mmu\normalizacja\34_left_sitil5_normalized.png,C:\Studia\6 sem\biometria\projekt_2_koniec\rozpoznawanie-teczowki-biometria\results_mmu\normalizacja\34_left_sitil5_normalized.npy,128,128,8,128,ok
sitir1.bmp,C:\Studia\6 sem\biometria\projekt_2_koniec\rozpoznawanie-teczowki-biometria\results_mmu\normalizacja\34_right_sitir1_normalized.png,C:\Studia\6 sem\biometria\projekt_2_koniec\rozpoznawanie-teczowki-biometria\results_mmu\normalizacja\34_right_sitir1_normalized.npy,128,128,8,128,ok
sitir2.bmp,C:\Studia\6 sem\biometria\projekt_2_koniec\rozpoznawanie-teczowki-biometria\results_mmu\normalizacja\34_right_sitir2_normalized.png,C:\Studia\6 sem\biometria\projekt_2_koniec\rozpoznawanie-teczowki-biometria\results_mmu\normalizacja\34_right_sitir2_normalized.npy,128,128,8,128,ok
sitir3.bmp,C:\Studia\6 sem\biometria\projekt_2_koniec\rozpoznawanie-teczowki-biometria\results_mmu\normalizacja\34_right_sitir3_normalized.png,C:\Studia\6 sem\biometria\projekt_2_koniec\rozpoznawanie-teczowki-biometria\results_mmu\normalizacja\34_right_sitir3_normalized.npy,128,128,8,128,ok
sitir4.bmp,C:\Studia\6 sem\biometria\projekt_2_koniec\rozpoznawanie-teczowki-biometria\results_mmu\normalizacja\34_right_sitir4_normalized.png,C:\Studia\6 sem\biometria\projekt_2_koniec\rozpoznawanie-teczowki-biometria\results_mmu\normalizacja\34_right_sitir4_normalized.npy,128,128,8,128,ok
sitir5.bmp,C:\Studia\6 sem\biometria\projekt_2_koniec\rozpoznawanie-teczowki-biometria\results_mmu\normalizacja\34_right_sitir5_normalized.png,C:\Studia\6 sem\biometria\projekt_2_koniec\rozpoznawanie-teczowki-biometria\results_mmu\normalizacja\34_right_sitir5_normalized.npy,128,128,8,128,ok
suzailil1.bmp,C:\Studia\6 sem\biometria\projekt_2_koniec\rozpoznawanie-teczowki-biometria\results_mmu\normalizacja\35_left_suzailil1_normalized.png,C:\Studia\6 sem\biometria\projekt_2_koniec\rozpoznawanie-teczowki-biometria\results_mmu\normalizacja\35_left_suzailil1_normalized.npy,128,128,8,128,ok
suzailil2.bmp,C:\Studia\6 sem\biometria\projekt_2_koniec\rozpoznawanie-teczowki-biometria\results_mmu\normalizacja\35_left_suzailil2_normalized.png,C:\Studia\6 sem\biometria\projekt_2_koniec\rozpoznawanie-teczowki-biometria\results_mmu\normalizacja\35_left_suzailil2_normalized.npy,128,128,8,128,ok
suzailil3.bmp,C:\Studia\6 sem\biometria\projekt_2_koniec\rozpoznawanie-teczowki-biometria\results_mmu\normalizacja\35_left_suzailil3_normalized.png,C:\Studia\6 sem\biometria\projekt_2_koniec\rozpoznawanie-teczowki-biometria\results_mmu\normalizacja\35_left_suzailil3_normalized.npy,128,128,8,128,ok
suzailil4.bmp,C:\Studia\6 sem\biometria\projekt_2_koniec\rozpoznawanie-teczowki-biometria\results_mmu\normalizacja\35_left_suzailil4_normalized.png,C:\Studia\6 sem\biometria\projekt_2_koniec\rozpoznawanie-teczowki-biometria\results_mmu\normalizacja\35_left_suzailil4_normalized.npy,128,128,8,128,ok
suzailil5.bmp,C:\Studia\6 sem\biometria\projekt_2_koniec\rozpoznawanie-teczowki-biometria\results_mmu\normalizacja\35_left_suzailil5_normalized.png,C:\Studia\6 sem\biometria\projekt_2_koniec\rozpoznawanie-teczowki-biometria\results_mmu\normalizacja\35_left_suzailil5_normalized.npy,128,128,8,128,ok
suzailir1.bmp,C:\Studia\6 sem\biometria\projekt_2_koniec\rozpoznawanie-teczowki-biometria\results_mmu\normalizacja\35_right_suzailir1_normalized.png,C:\Studia\6 sem\biometria\projekt_2_koniec\rozpoznawanie-teczowki-biometria\results_mmu\normalizacja\35_right_suzailir1_normalized.npy,128,128,8,128,ok
suzailir2.bmp,C:\Studia\6 sem\biometria\projekt_2_koniec\rozpoznawanie-teczowki-biometria\results_mmu\normalizacja\35_right_suzailir2_normalized.png,C:\Studia\6 sem\biometria\projekt_2_koniec\rozpoznawanie-teczowki-biometria\results_mmu\normalizacja\35_right_suzailir2_normalized.npy,128,128,8,128,ok
suzailir3.bmp,C:\Studia\6 sem\biometria\projekt_2_koniec\rozpoznawanie-teczowki-biometria\results_mmu\normalizacja\35_right_suzailir3_normalized.png,C:\Studia\6 sem\biometria\projekt_2_koniec\rozpoznawanie-teczowki-biometria\results_mmu\normalizacja\35_right_suzailir3_normalized.npy,128,128,8,128,ok
suzailir4.bmp,C:\Studia\6 sem\biometria\projekt_2_koniec\rozpoznawanie-teczowki-biometria\results_mmu\normalizacja\35_right_suzailir4_normalized.png,C:\Studia\6 sem\biometria\projekt_2_koniec\rozpoznawanie-teczowki-biometria\results_mmu\normalizacja\35_right_suzailir4_normalized.npy,128,128,8,128,ok
suzailir5.bmp,C:\Studia\6 sem\biometria\projekt_2_koniec\rozpoznawanie-teczowki-biometria\results_mmu\normalizacja\35_right_suzailir5_normalized.png,C:\Studia\6 sem\biometria\projekt_2_koniec\rozpoznawanie-teczowki-biometria\results_mmu\normalizacja\35_right_suzailir5_normalized.npy,128,128,8,128,ok
tanwnl1.bmp,C:\Studia\6 sem\biometria\projekt_2_koniec\rozpoznawanie-teczowki-biometria\results_mmu\normalizacja\36_left_tanwnl1_normalized.png,C:\Studia\6 sem\biometria\projekt_2_koniec\rozpoznawanie-teczowki-biometria\results_mmu\normalizacja\36_left_tanwnl1_normalized.npy,128,128,8,128,ok
tanwnl2.bmp,C:\Studia\6 sem\biometria\projekt_2_koniec\rozpoznawanie-teczowki-biometria\results_mmu\normalizacja\36_left_tanwnl2_normalized.png,C:\Studia\6 sem\biometria\projekt_2_koniec\rozpoznawanie-teczowki-biometria\results_mmu\normalizacja\36_left_tanwnl2_normalized.npy,128,128,8,128,ok
tanwnl3.bmp,C:\Studia\6 sem\biometria\projekt_2_koniec\rozpoznawanie-teczowki-biometria\results_mmu\normalizacja\36_left_tanwnl3_normalized.png,C:\Studia\6 sem\biometria\projekt_2_koniec\rozpoznawanie-teczowki-biometria\results_mmu\normalizacja\36_left_tanwnl3_normalized.npy,128,128,8,128,ok
tanwnl4.bmp,C:\Studia\6 sem\biometria\projekt_2_koniec\rozpoznawanie-teczowki-biometria\results_mmu\normalizacja\36_left_tanwnl4_normalized.png,C:\Studia\6 sem\biometria\projekt_2_koniec\rozpoznawanie-teczowki-biometria\results_mmu\normalizacja\36_left_tanwnl4_normalized.npy,128,128,8,128,ok
tanwnl5.bmp,C:\Studia\6 sem\biometria\projekt_2_koniec\rozpoznawanie-teczowki-biometria\results_mmu\normalizacja\36_left_tanwnl5_normalized.png,C:\Studia\6 sem\biometria\projekt_2_koniec\rozpoznawanie-teczowki-biometria\results_mmu\normalizacja\36_left_tanwnl5_normalized.npy,128,128,8,128,ok
tanwnr1.bmp,C:\Studia\6 sem\biometria\projekt_2_koniec\rozpoznawanie-teczowki-biometria\results_mmu\normalizacja\36_right_tanwnr1_normalized.png,C:\Studia\6 sem\biometria\projekt_2_koniec\rozpoznawanie-teczowki-biometria\results_mmu\normalizacja\36_right_tanwnr1_normalized.npy,128,128,8,128,ok
tanwnr2.bmp,C:\Studia\6 sem\biometria\projekt_2_koniec\rozpoznawanie-teczowki-biometria\results_mmu\normalizacja\36_right_tanwnr2_normalized.png,C:\Studia\6 sem\biometria\projekt_2_koniec\rozpoznawanie-teczowki-biometria\results_mmu\normalizacja\36_right_tanwnr2_normalized.npy,128,128,8,128,ok
tanwnr3.bmp,C:\Studia\6 sem\biometria\projekt_2_koniec\rozpoznawanie-teczowki-biometria\results_mmu\normalizacja\36_right_tanwnr3_normalized.png,C:\Studia\6 sem\biometria\projekt_2_koniec\rozpoznawanie-teczowki-biometria\results_mmu\normalizacja\36_right_tanwnr3_normalized.npy,128,128,8,128,ok
tanwnr4.bmp,C:\Studia\6 sem\biometria\projekt_2_koniec\rozpoznawanie-teczowki-biometria\results_mmu\normalizacja\36_right_tanwnr4_normalized.png,C:\Studia\6 sem\biometria\projekt_2_koniec\rozpoznawanie-teczowki-biometria\results_mmu\normalizacja\36_right_tanwnr4_normalized.npy,128,128,8,128,ok
tanwnr5.bmp,C:\Studia\6 sem\biometria\projekt_2_koniec\rozpoznawanie-teczowki-biometria\results_mmu\normalizacja\36_right_tanwnr5_normalized.png,C:\Studia\6 sem\biometria\projekt_2_koniec\rozpoznawanie-teczowki-biometria\results_mmu\normalizacja\36_right_tanwnr5_normalized.npy,128,128,8,128,ok
thomasl1.bmp,C:\Studia\6 sem\biometria\projekt_2_koniec\rozpoznawanie-teczowki-biometria\results_mmu\normalizacja\37_left_thomasl1_normalized.png,C:\Studia\6 sem\biometria\projekt_2_koniec\rozpoznawanie-teczowki-biometria\results_mmu\normalizacja\37_left_thomasl1_normalized.npy,128,128,8,128,ok
thomasl2.bmp,C:\Studia\6 sem\biometria\projekt_2_koniec\rozpoznawanie-teczowki-biometria\results_mmu\normalizacja\37_left_thomasl2_normalized.png,C:\Studia\6 sem\biometria\projekt_2_koniec\rozpoznawanie-teczowki-biometria\results_mmu\normalizacja\37_left_thomasl2_normalized.npy,128,128,8,128,ok
thomasl3.bmp,C:\Studia\6 sem\biometria\projekt_2_koniec\rozpoznawanie-teczowki-biometria\results_mmu\normalizacja\37_left_thomasl3_normalized.png,C:\Studia\6 sem\biometria\projekt_2_koniec\rozpoznawanie-teczowki-biometria\results_mmu\normalizacja\37_left_thomasl3_normalized.npy,128,128,8,128,ok
thomasl4.bmp,C:\Studia\6 sem\biometria\projekt_2_koniec\rozpoznawanie-teczowki-biometria\results_mmu\normalizacja\37_left_thomasl4_normalized.png,C:\Studia\6 sem\biometria\projekt_2_koniec\rozpoznawanie-teczowki-biometria\results_mmu\normalizacja\37_left_thomasl4_normalized.npy,128,128,8,128,ok
thomasl5.bmp,C:\Studia\6 sem\biometria\projekt_2_koniec\rozpoznawanie-teczowki-biometria\results_mmu\normalizacja\37_left_thomasl5_normalized.png,C:\Studia\6 sem\biometria\projekt_2_koniec\rozpoznawanie-teczowki-biometria\results_mmu\normalizacja\37_left_thomasl5_normalized.npy,128,128,8,128,ok
thomasr1.bmp,C:\Studia\6 sem\biometria\projekt_2_koniec\rozpoznawanie-teczowki-biometria\results_mmu\normalizacja\37_right_thomasr1_normalized.png,C:\Studia\6 sem\biometria\projekt_2_koniec\rozpoznawanie-teczowki-biometria\results_mmu\normalizacja\37_right_thomasr1_normalized.npy,128,128,8,128,ok
thomasr2.bmp,C:\Studia\6 sem\biometria\projekt_2_koniec\rozpoznawanie-teczowki-biometria\results_mmu\normalizacja\37_right_thomasr2_normalized.png,C:\Studia\6 sem\biometria\projekt_2_koniec\rozpoznawanie-teczowki-biometria\results_mmu\normalizacja\37_right_thomasr2_normalized.npy,128,128,8,128,ok
thomasr3.bmp,C:\Studia\6 sem\biometria\projekt_2_koniec\rozpoznawanie-teczowki-biometria\results_mmu\normalizacja\37_right_thomasr3_normalized.png,C:\Studia\6 sem\biometria\projekt_2_koniec\rozpoznawanie-teczowki-biometria\results_mmu\normalizacja\37_right_thomasr3_normalized.npy,128,128,8,128,ok
thomasr4.bmp,C:\Studia\6 sem\biometria\projekt_2_koniec\rozpoznawanie-teczowki-biometria\results_mmu\normalizacja\37_right_thomasr4_normalized.png,C:\Studia\6 sem\biometria\projekt_2_koniec\rozpoznawanie-teczowki-biometria\results_mmu\normalizacja\37_right_thomasr4_normalized.npy,128,128,8,128,ok
thomasr5.bmp,C:\Studia\6 sem\biometria\projekt_2_koniec\rozpoznawanie-teczowki-biometria\results_mmu\normalizacja\37_right_thomasr5_normalized.png,C:\Studia\6 sem\biometria\projekt_2_koniec\rozpoznawanie-teczowki-biometria\results_mmu\normalizacja\37_right_thomasr5_normalized.npy,128,128,8,128,ok
tickl1.bmp,C:\Studia\6 sem\biometria\projekt_2_koniec\rozpoznawanie-teczowki-biometria\results_mmu\normalizacja\38_left_tickl1_normalized.png,C:\Studia\6 sem\biometria\projekt_2_koniec\rozpoznawanie-teczowki-biometria\results_mmu\normalizacja\38_left_tickl1_normalized.npy,128,128,8,128,ok
tickl2.bmp,C:\Studia\6 sem\biometria\projekt_2_koniec\rozpoznawanie-teczowki-biometria\results_mmu\normalizacja\38_left_tickl2_normalized.png,C:\Studia\6 sem\biometria\projekt_2_koniec\rozpoznawanie-teczowki-biometria\results_mmu\normalizacja\38_left_tickl2_normalized.npy,128,128,8,128,ok
tickl3.bmp,C:\Studia\6 sem\biometria\projekt_2_koniec\rozpoznawanie-teczowki-biometria\results_mmu\normalizacja\38_left_tickl3_normalized.png,C:\Studia\6 sem\biometria\projekt_2_koniec\rozpoznawanie-teczowki-biometria\results_mmu\normalizacja\38_left_tickl3_normalized.npy,128,128,8,128,ok
tickl4.bmp,C:\Studia\6 sem\biometria\projekt_2_koniec\rozpoznawanie-teczowki-biometria\results_mmu\normalizacja\38_left_tickl4_normalized.png,C:\Studia\6 sem\biometria\projekt_2_koniec\rozpoznawanie-teczowki-biometria\results_mmu\normalizacja\38_left_tickl4_normalized.npy,128,128,8,128,ok
tickl5.bmp,C:\Studia\6 sem\biometria\projekt_2_koniec\rozpoznawanie-teczowki-biometria\results_mmu\normalizacja\38_left_tickl5_normalized.png,C:\Studia\6 sem\biometria\projekt_2_koniec\rozpoznawanie-teczowki-biometria\results_mmu\normalizacja\38_left_tickl5_normalized.npy,128,128,8,128,ok
tickr1.bmp,C:\Studia\6 sem\biometria\projekt_2_koniec\rozpoznawanie-teczowki-biometria\results_mmu\normalizacja\38_right_tickr1_normalized.png,C:\Studia\6 sem\biometria\projekt_2_koniec\rozpoznawanie-teczowki-biometria\results_mmu\normalizacja\38_right_tickr1_normalized.npy,128,128,8,128,ok
tickr2.bmp,C:\Studia\6 sem\biometria\projekt_2_koniec\rozpoznawanie-teczowki-biometria\results_mmu\normalizacja\38_right_tickr2_normalized.png,C:\Studia\6 sem\biometria\projekt_2_koniec\rozpoznawanie-teczowki-biometria\results_mmu\normalizacja\38_right_tickr2_normalized.npy,128,128,8,128,ok
tickr3.bmp,C:\Studia\6 sem\biometria\projekt_2_koniec\rozpoznawanie-teczowki-biometria\results_mmu\normalizacja\38_right_tickr3_normalized.png,C:\Studia\6 sem\biometria\projekt_2_koniec\rozpoznawanie-teczowki-biometria\results_mmu\normalizacja\38_right_tickr3_normalized.npy,128,128,8,128,ok
tickr4.bmp,C:\Studia\6 sem\biometria\projekt_2_koniec\rozpoznawanie-teczowki-biometria\results_mmu\normalizacja\38_right_tickr4_normalized.png,C:\Studia\6 sem\biometria\projekt_2_koniec\rozpoznawanie-teczowki-biometria\results_mmu\normalizacja\38_right_tickr4_normalized.npy,128,128,8,128,ok
tickr5.bmp,C:\Studia\6 sem\biometria\projekt_2_koniec\rozpoznawanie-teczowki-biometria\results_mmu\normalizacja\38_right_tickr5_normalized.png,C:\Studia\6 sem\biometria\projekt_2_koniec\rozpoznawanie-teczowki-biometria\results_mmu\normalizacja\38_right_tickr5_normalized.npy,128,128,8,128,ok
tingcyl1.bmp,C:\Studia\6 sem\biometria\projekt_2_koniec\rozpoznawanie-teczowki-biometria\results_mmu\normalizacja\39_left_tingcyl1_normalized.png,C:\Studia\6 sem\biometria\projekt_2_koniec\rozpoznawanie-teczowki-biometria\results_mmu\normalizacja\39_left_tingcyl1_normalized.npy,128,128,8,128,ok
tingcyl2.bmp,C:\Studia\6 sem\biometria\projekt_2_koniec\rozpoznawanie-teczowki-biometria\results_mmu\normalizacja\39_left_tingcyl2_normalized.png,C:\Studia\6 sem\biometria\projekt_2_koniec\rozpoznawanie-teczowki-biometria\results_mmu\normalizacja\39_left_tingcyl2_normalized.npy,128,128,8,128,ok
tingcyl3.bmp,C:\Studia\6 sem\biometria\projekt_2_koniec\rozpoznawanie-teczowki-biometria\results_mmu\normalizacja\39_left_tingcyl3_normalized.png,C:\Studia\6 sem\biometria\projekt_2_koniec\rozpoznawanie-teczowki-biometria\results_mmu\normalizacja\39_left_tingcyl3_normalized.npy,128,128,8,128,ok
tingcyl4.bmp,C:\Studia\6 sem\biometria\projekt_2_koniec\rozpoznawanie-teczowki-biometria\results_mmu\normalizacja\39_left_tingcyl4_normalized.png,C:\Studia\6 sem\biometria\projekt_2_koniec\rozpoznawanie-teczowki-biometria\results_mmu\normalizacja\39_left_tingcyl4_normalized.npy,128,128,8,128,ok
tingcyl5.bmp,C:\Studia\6 sem\biometria\projekt_2_koniec\rozpoznawanie-teczowki-biometria\results_mmu\normalizacja\39_left_tingcyl5_normalized.png,C:\Studia\6 sem\biometria\projekt_2_koniec\rozpoznawanie-teczowki-biometria\results_mmu\normalizacja\39_left_tingcyl5_normalized.npy,128,128,8,128,ok
tingcyr1.bmp,C:\Studia\6 sem\biometria\projekt_2_koniec\rozpoznawanie-teczowki-biometria\results_mmu\normalizacja\39_right_tingcyr1_normalized.png,C:\Studia\6 sem\biometria\projekt_2_koniec\rozpoznawanie-teczowki-biometria\results_mmu\normalizacja\39_right_tingcyr1_normalized.npy,128,128,8,128,ok
tingcyr2.bmp,C:\Studia\6 sem\biometria\projekt_2_koniec\rozpoznawanie-teczowki-biometria\results_mmu\normalizacja\39_right_tingcyr2_normalized.png,C:\Studia\6 sem\biometria\projekt_2_koniec\rozpoznawanie-teczowki-biometria\results_mmu\normalizacja\39_right_tingcyr2_normalized.npy,128,128,8,128,ok
tingcyr3.bmp,C:\Studia\6 sem\biometria\projekt_2_koniec\rozpoznawanie-teczowki-biometria\results_mmu\normalizacja\39_right_tingcyr3_normalized.png,C:\Studia\6 sem\biometria\projekt_2_koniec\rozpoznawanie-teczowki-biometria\results_mmu\normalizacja\39_right_tingcyr3_normalized.npy,128,128,8,128,ok
tingcyr4.bmp,C:\Studia\6 sem\biometria\projekt_2_koniec\rozpoznawanie-teczowki-biometria\results_mmu\normalizacja\39_right_tingcyr4_normalized.png,C:\Studia\6 sem\biometria\projekt_2_koniec\rozpoznawanie-teczowki-biometria\results_mmu\normalizacja\39_right_tingcyr4_normalized.npy,128,128,8,128,ok
tingcyr5.bmp,C:\Studia\6 sem\biometria\projekt_2_koniec\rozpoznawanie-teczowki-biometria\results_mmu\normalizacja\39_right_tingcyr5_normalized.png,C:\Studia\6 sem\biometria\projekt_2_koniec\rozpoznawanie-teczowki-biometria\results_mmu\normalizacja\39_right_tingcyr5_normalized.npy,128,128,8,128,ok
tonghll1.bmp,C:\Studia\6 sem\biometria\projekt_2_koniec\rozpoznawanie-teczowki-biometria\results_mmu\normalizacja\40_left_tonghll1_normalized.png,C:\Studia\6 sem\biometria\projekt_2_koniec\rozpoznawanie-teczowki-biometria\results_mmu\normalizacja\40_left_tonghll1_normalized.npy,128,128,8,128,ok
tonghll2.bmp,C:\Studia\6 sem\biometria\projekt_2_koniec\rozpoznawanie-teczowki-biometria\results_mmu\normalizacja\40_left_tonghll2_normalized.png,C:\Studia\6 sem\biometria\projekt_2_koniec\rozpoznawanie-teczowki-biometria\results_mmu\normalizacja\40_left_tonghll2_normalized.npy,128,128,8,128,ok
tonghll3.bmp,C:\Studia\6 sem\biometria\projekt_2_koniec\rozpoznawanie-teczowki-biometria\results_mmu\normalizacja\40_left_tonghll3_normalized.png,C:\Studia\6 sem\biometria\projekt_2_koniec\rozpoznawanie-teczowki-biometria\results_mmu\normalizacja\40_left_tonghll3_normalized.npy,128,128,8,128,ok
tonghll4.bmp,C:\Studia\6 sem\biometria\projekt_2_koniec\rozpoznawanie-teczowki-biometria\results_mmu\normalizacja\40_left_tonghll4_normalized.png,C:\Studia\6 sem\biometria\projekt_2_koniec\rozpoznawanie-teczowki-biometria\results_mmu\normalizacja\40_left_tonghll4_normalized.npy,128,128,8,128,ok
tonghll5.bmp,C:\Studia\6 sem\biometria\projekt_2_koniec\rozpoznawanie-teczowki-biometria\results_mmu\normalizacja\40_left_tonghll5_normalized.png,C:\Studia\6 sem\biometria\projekt_2_koniec\rozpoznawanie-teczowki-biometria\results_mmu\normalizacja\40_left_tonghll5_normalized.npy,128,128,8,128,ok
tonghlr1.bmp,C:\Studia\6 sem\biometria\projekt_2_koniec\rozpoznawanie-teczowki-biometria\results_mmu\normalizacja\40_right_tonghlr1_normalized.png,C:\Studia\6 sem\biometria\projekt_2_koniec\rozpoznawanie-teczowki-biometria\results_mmu\normalizacja\40_right_tonghlr1_normalized.npy,128,128,8,128,ok
tonghlr2.bmp,C:\Studia\6 sem\biometria\projekt_2_koniec\rozpoznawanie-teczowki-biometria\results_mmu\normalizacja\40_right_tonghlr2_normalized.png,C:\Studia\6 sem\biometria\projekt_2_koniec\rozpoznawanie-teczowki-biometria\results_mmu\normalizacja\40_right_tonghlr2_normalized.npy,128,128,8,128,ok
tonghlr3.bmp,C:\Studia\6 sem\biometria\projekt_2_koniec\rozpoznawanie-teczowki-biometria\results_mmu\normalizacja\40_right_tonghlr3_normalized.png,C:\Studia\6 sem\biometria\projekt_2_koniec\rozpoznawanie-teczowki-biometria\results_mmu\normalizacja\40_right_tonghlr3_normalized.npy,128,128,8,128,ok
tonghlr4.bmp,C:\Studia\6 sem\biometria\projekt_2_koniec\rozpoznawanie-teczowki-biometria\results_mmu\normalizacja\40_right_tonghlr4_normalized.png,C:\Studia\6 sem\biometria\projekt_2_koniec\rozpoznawanie-teczowki-biometria\results_mmu\normalizacja\40_right_tonghlr4_normalized.npy,128,128,8,128,ok
tonghlr5.bmp,C:\Studia\6 sem\biometria\projekt_2_koniec\rozpoznawanie-teczowki-biometria\results_mmu\normalizacja\40_right_tonghlr5_normalized.png,C:\Studia\6 sem\biometria\projekt_2_koniec\rozpoznawanie-teczowki-biometria\results_mmu\normalizacja\40_right_tonghlr5_normalized.npy,128,128,8,128,ok
vimalal1.bmp,C:\Studia\6 sem\biometria\projekt_2_koniec\rozpoznawanie-teczowki-biometria\results_mmu\normalizacja\41_left_vimalal1_normalized.png,C:\Studia\6 sem\biometria\projekt_2_koniec\rozpoznawanie-teczowki-biometria\results_mmu\normalizacja\41_left_vimalal1_normalized.npy,128,128,8,128,ok
vimalal2.bmp,C:\Studia\6 sem\biometria\projekt_2_koniec\rozpoznawanie-teczowki-biometria\results_mmu\normalizacja\41_left_vimalal2_normalized.png,C:\Studia\6 sem\biometria\projekt_2_koniec\rozpoznawanie-teczowki-biometria\results_mmu\normalizacja\41_left_vimalal2_normalized.npy,128,128,8,128,ok
vimalal3.bmp,C:\Studia\6 sem\biometria\projekt_2_koniec\rozpoznawanie-teczowki-biometria\results_mmu\normalizacja\41_left_vimalal3_normalized.png,C:\Studia\6 sem\biometria\projekt_2_koniec\rozpoznawanie-teczowki-biometria\results_mmu\normalizacja\41_left_vimalal3_normalized.npy,128,128,8,128,ok
vimalal4.bmp,C:\Studia\6 sem\biometria\projekt_2_koniec\rozpoznawanie-teczowki-biometria\results_mmu\normalizacja\41_left_vimalal4_normalized.png,C:\Studia\6 sem\biometria\projekt_2_koniec\rozpoznawanie-teczowki-biometria\results_mmu\normalizacja\41_left_vimalal4_normalized.npy,128,128,8,128,ok
vimalal5.bmp,C:\Studia\6 sem\biometria\projekt_2_koniec\rozpoznawanie-teczowki-biometria\results_mmu\normalizacja\41_left_vimalal5_normalized.png,C:\Studia\6 sem\biometria\projekt_2_koniec\rozpoznawanie-teczowki-biometria\results_mmu\normalizacja\41_left_vimalal5_normalized.npy,128,128,8,128,ok
vimalar1.bmp,C:\Studia\6 sem\biometria\projekt_2_koniec\rozpoznawanie-teczowki-biometria\results_mmu\normalizacja\41_right_vimalar1_normalized.png,C:\Studia\6 sem\biometria\projekt_2_koniec\rozpoznawanie-teczowki-biometria\results_mmu\normalizacja\41_right_vimalar1_normalized.npy,128,128,8,128,ok
vimalar2.bmp,C:\Studia\6 sem\biometria\projekt_2_koniec\rozpoznawanie-teczowki-biometria\results_mmu\normalizacja\41_right_vimalar2_normalized.png,C:\Studia\6 sem\biometria\projekt_2_koniec\rozpoznawanie-teczowki-biometria\results_mmu\normalizacja\41_right_vimalar2_normalized.npy,128,128,8,128,ok
vimalar3.bmp,C:\Studia\6 sem\biometria\projekt_2_koniec\rozpoznawanie-teczowki-biometria\results_mmu\normalizacja\41_right_vimalar3_normalized.png,C:\Studia\6 sem\biometria\projekt_2_koniec\rozpoznawanie-teczowki-biometria\results_mmu\normalizacja\41_right_vimalar3_normalized.npy,128,128,8,128,ok
vimalar4.bmp,C:\Studia\6 sem\biometria\projekt_2_koniec\rozpoznawanie-teczowki-biometria\results_mmu\normalizacja\41_right_vimalar4_normalized.png,C:\Studia\6 sem\biometria\projekt_2_koniec\rozpoznawanie-teczowki-biometria\results_mmu\normalizacja\41_right_vimalar4_normalized.npy,128,128,8,128,ok
vimalar5.bmp,C:\Studia\6 sem\biometria\projekt_2_koniec\rozpoznawanie-teczowki-biometria\results_mmu\normalizacja\41_right_vimalar5_normalized.png,C:\Studia\6 sem\biometria\projekt_2_koniec\rozpoznawanie-teczowki-biometria\results_mmu\normalizacja\41_right_vimalar5_normalized.npy,128,128,8,128,ok
weecml1.bmp,C:\Studia\6 sem\biometria\projekt_2_koniec\rozpoznawanie-teczowki-biometria\results_mmu\normalizacja\42_left_weecml1_normalized.png,C:\Studia\6 sem\biometria\projekt_2_koniec\rozpoznawanie-teczowki-biometria\results_mmu\normalizacja\42_left_weecml1_normalized.npy,128,128,8,128,ok
weecml2.bmp,C:\Studia\6 sem\biometria\projekt_2_koniec\rozpoznawanie-teczowki-biometria\results_mmu\normalizacja\42_left_weecml2_normalized.png,C:\Studia\6 sem\biometria\projekt_2_koniec\rozpoznawanie-teczowki-biometria\results_mmu\normalizacja\42_left_weecml2_normalized.npy,128,128,8,128,ok
weecml3.bmp,C:\Studia\6 sem\biometria\projekt_2_koniec\rozpoznawanie-teczowki-biometria\results_mmu\normalizacja\42_left_weecml3_normalized.png,C:\Studia\6 sem\biometria\projekt_2_koniec\rozpoznawanie-teczowki-biometria\results_mmu\normalizacja\42_left_weecml3_normalized.npy,128,128,8,128,ok
weecml4.bmp,C:\Studia\6 sem\biometria\projekt_2_koniec\rozpoznawanie-teczowki-biometria\results_mmu\normalizacja\42_left_weecml4_normalized.png,C:\Studia\6 sem\biometria\projekt_2_koniec\rozpoznawanie-teczowki-biometria\results_mmu\normalizacja\42_left_weecml4_normalized.npy,128,128,8,128,ok
weecml5.bmp,C:\Studia\6 sem\biometria\projekt_2_koniec\rozpoznawanie-teczowki-biometria\results_mmu\normalizacja\42_left_weecml5_normalized.png,C:\Studia\6 sem\biometria\projekt_2_koniec\rozpoznawanie-teczowki-biometria\results_mmu\normalizacja\42_left_weecml5_normalized.npy,128,128,8,128,ok
weecmr1.bmp,C:\Studia\6 sem\biometria\projekt_2_koniec\rozpoznawanie-teczowki-biometria\results_mmu\normalizacja\42_right_weecmr1_normalized.png,C:\Studia\6 sem\biometria\projekt_2_koniec\rozpoznawanie-teczowki-biometria\results_mmu\normalizacja\42_right_weecmr1_normalized.npy,128,128,8,128,ok
weecmr2.bmp,C:\Studia\6 sem\biometria\projekt_2_koniec\rozpoznawanie-teczowki-biometria\results_mmu\normalizacja\42_right_weecmr2_normalized.png,C:\Studia\6 sem\biometria\projekt_2_koniec\rozpoznawanie-teczowki-biometria\results_mmu\normalizacja\42_right_weecmr2_normalized.npy,128,128,8,128,ok
weecmr3.bmp,C:\Studia\6 sem\biometria\projekt_2_koniec\rozpoznawanie-teczowki-biometria\results_mmu\normalizacja\42_right_weecmr3_normalized.png,C:\Studia\6 sem\biometria\projekt_2_koniec\rozpoznawanie-teczowki-biometria\results_mmu\normalizacja\42_right_weecmr3_normalized.npy,128,128,8,128,ok
weecmr4.bmp,C:\Studia\6 sem\biometria\projekt_2_koniec\rozpoznawanie-teczowki-biometria\results_mmu\normalizacja\42_right_weecmr4_normalized.png,C:\Studia\6 sem\biometria\projekt_2_koniec\rozpoznawanie-teczowki-biometria\results_mmu\normalizacja\42_right_weecmr4_normalized.npy,128,128,8,128,ok
weecmr5.bmp,C:\Studia\6 sem\biometria\projekt_2_koniec\rozpoznawanie-teczowki-biometria\results_mmu\normalizacja\42_right_weecmr5_normalized.png,C:\Studia\6 sem\biometria\projekt_2_koniec\rozpoznawanie-teczowki-biometria\results_mmu\normalizacja\42_right_weecmr5_normalized.npy,128,128,8,128,ok
winl1.bmp,C:\Studia\6 sem\biometria\projekt_2_koniec\rozpoznawanie-teczowki-biometria\results_mmu\normalizacja\43_left_winl1_normalized.png,C:\Studia\6 sem\biometria\projekt_2_koniec\rozpoznawanie-teczowki-biometria\results_mmu\normalizacja\43_left_winl1_normalized.npy,128,128,8,128,ok
winl2.bmp,C:\Studia\6 sem\biometria\projekt_2_koniec\rozpoznawanie-teczowki-biometria\results_mmu\normalizacja\43_left_winl2_normalized.png,C:\Studia\6 sem\biometria\projekt_2_koniec\rozpoznawanie-teczowki-biometria\results_mmu\normalizacja\43_left_winl2_normalized.npy,128,128,8,128,ok
winl3.bmp,C:\Studia\6 sem\biometria\projekt_2_koniec\rozpoznawanie-teczowki-biometria\results_mmu\normalizacja\43_left_winl3_normalized.png,C:\Studia\6 sem\biometria\projekt_2_koniec\rozpoznawanie-teczowki-biometria\results_mmu\normalizacja\43_left_winl3_normalized.npy,128,128,8,128,ok
winl4.bmp,C:\Studia\6 sem\biometria\projekt_2_koniec\rozpoznawanie-teczowki-biometria\results_mmu\normalizacja\43_left_winl4_normalized.png,C:\Studia\6 sem\biometria\projekt_2_koniec\rozpoznawanie-teczowki-biometria\results_mmu\normalizacja\43_left_winl4_normalized.npy,128,128,8,128,ok
winl5.bmp,C:\Studia\6 sem\biometria\projekt_2_koniec\rozpoznawanie-teczowki-biometria\results_mmu\normalizacja\43_left_winl5_normalized.png,C:\Studia\6 sem\biometria\projekt_2_koniec\rozpoznawanie-teczowki-biometria\results_mmu\normalizacja\43_left_winl5_normalized.npy,128,128,8,128,ok
winr1.bmp,C:\Studia\6 sem\biometria\projekt_2_koniec\rozpoznawanie-teczowki-biometria\results_mmu\normalizacja\43_right_winr1_normalized.png,C:\Studia\6 sem\biometria\projekt_2_koniec\rozpoznawanie-teczowki-biometria\results_mmu\normalizacja\43_right_winr1_normalized.npy,128,128,8,128,ok
winr2.bmp,C:\Studia\6 sem\biometria\projekt_2_koniec\rozpoznawanie-teczowki-biometria\results_mmu\normalizacja\43_right_winr2_normalized.png,C:\Studia\6 sem\biometria\projekt_2_koniec\rozpoznawanie-teczowki-biometria\results_mmu\normalizacja\43_right_winr2_normalized.npy,128,128,8,128,ok
winr3.bmp,C:\Studia\6 sem\biometria\projekt_2_koniec\rozpoznawanie-teczowki-biometria\results_mmu\normalizacja\43_right_winr3_normalized.png,C:\Studia\6 sem\biometria\projekt_2_koniec\rozpoznawanie-teczowki-biometria\results_mmu\normalizacja\43_right_winr3_normalized.npy,128,128,8,128,ok
winr4.bmp,C:\Studia\6 sem\biometria\projekt_2_koniec\rozpoznawanie-teczowki-biometria\results_mmu\normalizacja\43_right_winr4_normalized.png,C:\Studia\6 sem\biometria\projekt_2_koniec\rozpoznawanie-teczowki-biometria\results_mmu\normalizacja\43_right_winr4_normalized.npy,128,128,8,128,ok
winr5.bmp,C:\Studia\6 sem\biometria\projekt_2_koniec\rozpoznawanie-teczowki-biometria\results_mmu\normalizacja\43_right_winr5_normalized.png,C:\Studia\6 sem\biometria\projekt_2_koniec\rozpoznawanie-teczowki-biometria\results_mmu\normalizacja\43_right_winr5_normalized.npy,128,128,8,128,ok
yannl1.bmp,C:\Studia\6 sem\biometria\projekt_2_koniec\rozpoznawanie-teczowki-biometria\results_mmu\normalizacja\44_left_yannl1_normalized.png,C:\Studia\6 sem\biometria\projekt_2_koniec\rozpoznawanie-teczowki-biometria\results_mmu\normalizacja\44_left_yannl1_normalized.npy,128,128,8,128,ok
yannl2.bmp,C:\Studia\6 sem\biometria\projekt_2_koniec\rozpoznawanie-teczowki-biometria\results_mmu\normalizacja\44_left_yannl2_normalized.png,C:\Studia\6 sem\biometria\projekt_2_koniec\rozpoznawanie-teczowki-biometria\results_mmu\normalizacja\44_left_yannl2_normalized.npy,128,128,8,128,ok
yannl3.bmp,C:\Studia\6 sem\biometria\projekt_2_koniec\rozpoznawanie-teczowki-biometria\results_mmu\normalizacja\44_left_yannl3_normalized.png,C:\Studia\6 sem\biometria\projekt_2_koniec\rozpoznawanie-teczowki-biometria\results_mmu\normalizacja\44_left_yannl3_normalized.npy,128,128,8,128,ok
yannl4.bmp,C:\Studia\6 sem\biometria\projekt_2_koniec\rozpoznawanie-teczowki-biometria\results_mmu\normalizacja\44_left_yannl4_normalized.png,C:\Studia\6 sem\biometria\projekt_2_koniec\rozpoznawanie-teczowki-biometria\results_mmu\normalizacja\44_left_yannl4_normalized.npy,128,128,8,128,ok
yannl5.bmp,C:\Studia\6 sem\biometria\projekt_2_koniec\rozpoznawanie-teczowki-biometria\results_mmu\normalizacja\44_left_yannl5_normalized.png,C:\Studia\6 sem\biometria\projekt_2_koniec\rozpoznawanie-teczowki-biometria\results_mmu\normalizacja\44_left_yannl5_normalized.npy,128,128,8,128,ok
yannr1.bmp,C:\Studia\6 sem\biometria\projekt_2_koniec\rozpoznawanie-teczowki-biometria\results_mmu\normalizacja\44_right_yannr1_normalized.png,C:\Studia\6 sem\biometria\projekt_2_koniec\rozpoznawanie-teczowki-biometria\results_mmu\normalizacja\44_right_yannr1_normalized.npy,128,128,8,128,ok
yannr2.bmp,C:\Studia\6 sem\biometria\projekt_2_koniec\rozpoznawanie-teczowki-biometria\results_mmu\normalizacja\44_right_yannr2_normalized.png,C:\Studia\6 sem\biometria\projekt_2_koniec\rozpoznawanie-teczowki-biometria\results_mmu\normalizacja\44_right_yannr2_normalized.npy,128,128,8,128,ok
yannr3.bmp,C:\Studia\6 sem\biometria\projekt_2_koniec\rozpoznawanie-teczowki-biometria\results_mmu\normalizacja\44_right_yannr3_normalized.png,C:\Studia\6 sem\biometria\projekt_2_koniec\rozpoznawanie-teczowki-biometria\results_mmu\normalizacja\44_right_yannr3_normalized.npy,128,128,8,128,ok
yannr4.bmp,C:\Studia\6 sem\biometria\projekt_2_koniec\rozpoznawanie-teczowki-biometria\results_mmu\normalizacja\44_right_yannr4_normalized.png,C:\Studia\6 sem\biometria\projekt_2_koniec\rozpoznawanie-teczowki-biometria\results_mmu\normalizacja\44_right_yannr4_normalized.npy,128,128,8,128,ok
yannr5.bmp,C:\Studia\6 sem\biometria\projekt_2_koniec\rozpoznawanie-teczowki-biometria\results_mmu\normalizacja\44_right_yannr5_normalized.png,C:\Studia\6 sem\biometria\projekt_2_koniec\rozpoznawanie-teczowki-biometria\results_mmu\normalizacja\44_right_yannr5_normalized.npy,128,128,8,128,ok
zaridahl1.bmp,C:\Studia\6 sem\biometria\projekt_2_koniec\rozpoznawanie-teczowki-biometria\results_mmu\normalizacja\45_left_zaridahl1_normalized.png,C:\Studia\6 sem\biometria\projekt_2_koniec\rozpoznawanie-teczowki-biometria\results_mmu\normalizacja\45_left_zaridahl1_normalized.npy,128,128,8,128,ok
zaridahl2.bmp,C:\Studia\6 sem\biometria\projekt_2_koniec\rozpoznawanie-teczowki-biometria\results_mmu\normalizacja\45_left_zaridahl2_normalized.png,C:\Studia\6 sem\biometria\projekt_2_koniec\rozpoznawanie-teczowki-biometria\results_mmu\normalizacja\45_left_zaridahl2_normalized.npy,128,128,8,128,ok
zaridahl3.bmp,C:\Studia\6 sem\biometria\projekt_2_koniec\rozpoznawanie-teczowki-biometria\results_mmu\normalizacja\45_left_zaridahl3_normalized.png,C:\Studia\6 sem\biometria\projekt_2_koniec\rozpoznawanie-teczowki-biometria\results_mmu\normalizacja\45_left_zaridahl3_normalized.npy,128,128,8,128,ok
zaridahl4.bmp,C:\Studia\6 sem\biometria\projekt_2_koniec\rozpoznawanie-teczowki-biometria\results_mmu\normalizacja\45_left_zaridahl4_normalized.png,C:\Studia\6 sem\biometria\projekt_2_koniec\rozpoznawanie-teczowki-biometria\results_mmu\normalizacja\45_left_zaridahl4_normalized.npy,128,128,8,128,ok
zaridahl5.bmp,C:\Studia\6 sem\biometria\projekt_2_koniec\rozpoznawanie-teczowki-biometria\results_mmu\normalizacja\45_left_zaridahl5_normalized.png,C:\Studia\6 sem\biometria\projekt_2_koniec\rozpoznawanie-teczowki-biometria\results_mmu\normalizacja\45_left_zaridahl5_normalized.npy,128,128,8,128,ok
zaridahr1.bmp,C:\Studia\6 sem\biometria\projekt_2_koniec\rozpoznawanie-teczowki-biometria\results_mmu\normalizacja\45_right_zaridahr1_normalized.png,C:\Studia\6 sem\biometria\projekt_2_koniec\rozpoznawanie-teczowki-biometria\results_mmu\normalizacja\45_right_zaridahr1_normalized.npy,128,128,8,128,ok
zaridahr2.bmp,C:\Studia\6 sem\biometria\projekt_2_koniec\rozpoznawanie-teczowki-biometria\results_mmu\normalizacja\45_right_zaridahr2_normalized.png,C:\Studia\6 sem\biometria\projekt_2_koniec\rozpoznawanie-teczowki-biometria\results_mmu\normalizacja\45_right_zaridahr2_normalized.npy,128,128,8,128,ok
zaridahr3.bmp,C:\Studia\6 sem\biometria\projekt_2_koniec\rozpoznawanie-teczowki-biometria\results_mmu\normalizacja\45_right_zaridahr3_normalized.png,C:\Studia\6 sem\biometria\projekt_2_koniec\rozpoznawanie-teczowki-biometria\results_mmu\normalizacja\45_right_zaridahr3_normalized.npy,128,128,8,128,ok
zaridahr4.bmp,C:\Studia\6 sem\biometria\projekt_2_koniec\rozpoznawanie-teczowki-biometria\results_mmu\normalizacja\45_right_zaridahr4_normalized.png,C:\Studia\6 sem\biometria\projekt_2_koniec\rozpoznawanie-teczowki-biometria\results_mmu\normalizacja\45_right_zaridahr4_normalized.npy,128,128,8,128,ok
zaridahr5.bmp,C:\Studia\6 sem\biometria\projekt_2_koniec\rozpoznawanie-teczowki-biometria\results_mmu\normalizacja\45_right_zaridahr5_normalized.png,C:\Studia\6 sem\biometria\projekt_2_koniec\rozpoznawanie-teczowki-biometria\results_mmu\normalizacja\45_right_zaridahr5_normalized.npy,128,128,8,128,ok
zulaikahl1.bmp,C:\Studia\6 sem\biometria\projekt_2_koniec\rozpoznawanie-teczowki-biometria\results_mmu\normalizacja\46_left_zulaikahl1_normalized.png,C:\Studia\6 sem\biometria\projekt_2_koniec\rozpoznawanie-teczowki-biometria\results_mmu\normalizacja\46_left_zulaikahl1_normalized.npy,128,128,8,128,ok
zulaikahl2.bmp,C:\Studia\6 sem\biometria\projekt_2_koniec\rozpoznawanie-teczowki-biometria\results_mmu\normalizacja\46_left_zulaikahl2_normalized.png,C:\Studia\6 sem\biometria\projekt_2_koniec\rozpoznawanie-teczowki-biometria\results_mmu\normalizacja\46_left_zulaikahl2_normalized.npy,128,128,8,128,ok
zulaikahl3.bmp,C:\Studia\6 sem\biometria\projekt_2_koniec\rozpoznawanie-teczowki-biometria\results_mmu\normalizacja\46_left_zulaikahl3_normalized.png,C:\Studia\6 sem\biometria\projekt_2_koniec\rozpoznawanie-teczowki-biometria\results_mmu\normalizacja\46_left_zulaikahl3_normalized.npy,128,128,8,128,ok
zulaikahl4.bmp,C:\Studia\6 sem\biometria\projekt_2_koniec\rozpoznawanie-teczowki-biometria\results_mmu\normalizacja\46_left_zulaikahl4_normalized.png,C:\Studia\6 sem\biometria\projekt_2_koniec\rozpoznawanie-teczowki-biometria\results_mmu\normalizacja\46_left_zulaikahl4_normalized.npy,128,128,8,128,ok
zulaikahl5.bmp,C:\Studia\6 sem\biometria\projekt_2_koniec\rozpoznawanie-teczowki-biometria\results_mmu\normalizacja\46_left_zulaikahl5_normalized.png,C:\Studia\6 sem\biometria\projekt_2_koniec\rozpoznawanie-teczowki-biometria\results_mmu\normalizacja\46_left_zulaikahl5_normalized.npy,128,128,8,128,ok
zulaikahr1.bmp,C:\Studia\6 sem\biometria\projekt_2_koniec\rozpoznawanie-teczowki-biometria\results_mmu\normalizacja\46_right_zulaikahr1_normalized.png,C:\Studia\6 sem\biometria\projekt_2_koniec\rozpoznawanie-teczowki-biometria\results_mmu\normalizacja\46_right_zulaikahr1_normalized.npy,128,128,8,128,ok
zulaikahr2.bmp,C:\Studia\6 sem\biometria\projekt_2_koniec\rozpoznawanie-teczowki-biometria\results_mmu\normalizacja\46_right_zulaikahr2_normalized.png,C:\Studia\6 sem\biometria\projekt_2_koniec\rozpoznawanie-teczowki-biometria\results_mmu\normalizacja\46_right_zulaikahr2_normalized.npy,128,128,8,128,ok
zulaikahr3.bmp,C:\Studia\6 sem\biometria\projekt_2_koniec\rozpoznawanie-teczowki-biometria\results_mmu\normalizacja\46_right_zulaikahr3_normalized.png,C:\Studia\6 sem\biometria\projekt_2_koniec\rozpoznawanie-teczowki-biometria\results_mmu\normalizacja\46_right_zulaikahr3_normalized.npy,128,128,8,128,ok
zulaikahr4.bmp,C:\Studia\6 sem\biometria\projekt_2_koniec\rozpoznawanie-teczowki-biometria\results_mmu\normalizacja\46_right_zulaikahr4_normalized.png,C:\Studia\6 sem\biometria\projekt_2_koniec\rozpoznawanie-teczowki-biometria\results_mmu\normalizacja\46_right_zulaikahr4_normalized.npy,128,128,8,128,ok
zulaikahr5.bmp,C:\Studia\6 sem\biometria\projekt_2_koniec\rozpoznawanie-teczowki-biometria\results_mmu\normalizacja\46_right_zulaikahr5_normalized.png,C:\Studia\6 sem\biometria\projekt_2_koniec\rozpoznawanie-teczowki-biometria\results_mmu\normalizacja\46_right_zulaikahr5_normalized.npy,128,128,8,128,ok
chongpkl1.bmp,C:\Studia\6 sem\biometria\projekt_2_koniec\rozpoznawanie-teczowki-biometria\results_mmu\normalizacja\5_left_chongpkl1_normalized.png,C:\Studia\6 sem\biometria\projekt_2_koniec\rozpoznawanie-teczowki-biometria\results_mmu\normalizacja\5_left_chongpkl1_normalized.npy,128,128,8,128,ok
chongpkl2.bmp,C:\Studia\6 sem\biometria\projekt_2_koniec\rozpoznawanie-teczowki-biometria\results_mmu\normalizacja\5_left_chongpkl2_normalized.png,C:\Studia\6 sem\biometria\projekt_2_koniec\rozpoznawanie-teczowki-biometria\results_mmu\normalizacja\5_left_chongpkl2_normalized.npy,128,128,8,128,ok
chongpkl3.bmp,C:\Studia\6 sem\biometria\projekt_2_koniec\rozpoznawanie-teczowki-biometria\results_mmu\normalizacja\5_left_chongpkl3_normalized.png,C:\Studia\6 sem\biometria\projekt_2_koniec\rozpoznawanie-teczowki-biometria\results_mmu\normalizacja\5_left_chongpkl3_normalized.npy,128,128,8,128,ok
chongpkl4.bmp,C:\Studia\6 sem\biometria\projekt_2_koniec\rozpoznawanie-teczowki-biometria\results_mmu\normalizacja\5_left_chongpkl4_normalized.png,C:\Studia\6 sem\biometria\projekt_2_koniec\rozpoznawanie-teczowki-biometria\results_mmu\normalizacja\5_left_chongpkl4_normalized.npy,128,128,8,128,ok
chongpkl5.bmp,C:\Studia\6 sem\biometria\projekt_2_koniec\rozpoznawanie-teczowki-biometria\results_mmu\normalizacja\5_left_chongpkl5_normalized.png,C:\Studia\6 sem\biometria\projekt_2_koniec\rozpoznawanie-teczowki-biometria\results_mmu\normalizacja\5_left_chongpkl5_normalized.npy,128,128,8,128,ok
chongpkr1.bmp,C:\Studia\6 sem\biometria\projekt_2_koniec\rozpoznawanie-teczowki-biometria\results_mmu\normalizacja\5_right_chongpkr1_normalized.png,C:\Studia\6 sem\biometria\projekt_2_koniec\rozpoznawanie-teczowki-biometria\results_mmu\normalizacja\5_right_chongpkr1_normalized.npy,128,128,8,128,ok
chongpkr2.bmp,C:\Studia\6 sem\biometria\projekt_2_koniec\rozpoznawanie-teczowki-biometria\results_mmu\normalizacja\5_right_chongpkr2_normalized.png,C:\Studia\6 sem\biometria\projekt_2_koniec\rozpoznawanie-teczowki-biometria\results_mmu\normalizacja\5_right_chongpkr2_normalized.npy,128,128,8,128,ok
chongpkr3.bmp,C:\Studia\6 sem\biometria\projekt_2_koniec\rozpoznawanie-teczowki-biometria\results_mmu\normalizacja\5_right_chongpkr3_normalized.png,C:\Studia\6 sem\biometria\projekt_2_koniec\rozpoznawanie-teczowki-biometria\results_mmu\normalizacja\5_right_chongpkr3_normalized.npy,128,128,8,128,ok
chongpkr4.bmp,C:\Studia\6 sem\biometria\projekt_2_koniec\rozpoznawanie-teczowki-biometria\results_mmu\normalizacja\5_right_chongpkr4_normalized.png,C:\Studia\6 sem\biometria\projekt_2_koniec\rozpoznawanie-teczowki-biometria\results_mmu\normalizacja\5_right_chongpkr4_normalized.npy,128,128,8,128,ok
chongpkr5.bmp,C:\Studia\6 sem\biometria\projekt_2_koniec\rozpoznawanie-teczowki-biometria\results_mmu\normalizacja\5_right_chongpkr5_normalized.png,C:\Studia\6 sem\biometria\projekt_2_koniec\rozpoznawanie-teczowki-biometria\results_mmu\normalizacja\5_right_chongpkr5_normalized.npy,128,128,8,128,ok
christinel1.bmp,C:\Studia\6 sem\biometria\projekt_2_koniec\rozpoznawanie-teczowki-biometria\results_mmu\normalizacja\6_left_christinel1_normalized.png,C:\Studia\6 sem\biometria\projekt_2_koniec\rozpoznawanie-teczowki-biometria\results_mmu\normalizacja\6_left_christinel1_normalized.npy,128,128,8,128,ok
christinel2.bmp,C:\Studia\6 sem\biometria\projekt_2_koniec\rozpoznawanie-teczowki-biometria\results_mmu\normalizacja\6_left_christinel2_normalized.png,C:\Studia\6 sem\biometria\projekt_2_koniec\rozpoznawanie-teczowki-biometria\results_mmu\normalizacja\6_left_christinel2_normalized.npy,128,128,8,128,ok
christinel3.bmp,C:\Studia\6 sem\biometria\projekt_2_koniec\rozpoznawanie-teczowki-biometria\results_mmu\normalizacja\6_left_christinel3_normalized.png,C:\Studia\6 sem\biometria\projekt_2_koniec\rozpoznawanie-teczowki-biometria\results_mmu\normalizacja\6_left_christinel3_normalized.npy,128,128,8,128,ok
christinel4.bmp,C:\Studia\6 sem\biometria\projekt_2_koniec\rozpoznawanie-teczowki-biometria\results_mmu\normalizacja\6_left_christinel4_normalized.png,C:\Studia\6 sem\biometria\projekt_2_koniec\rozpoznawanie-teczowki-biometria\results_mmu\normalizacja\6_left_christinel4_normalized.npy,128,128,8,128,ok
christinel5.bmp,C:\Studia\6 sem\biometria\projekt_2_koniec\rozpoznawanie-teczowki-biometria\results_mmu\normalizacja\6_left_christinel5_normalized.png,C:\Studia\6 sem\biometria\projekt_2_koniec\rozpoznawanie-teczowki-biometria\results_mmu\normalizacja\6_left_christinel5_normalized.npy,128,128,8,128,ok
christiner1.bmp,C:\Studia\6 sem\biometria\projekt_2_koniec\rozpoznawanie-teczowki-biometria\results_mmu\normalizacja\6_right_christiner1_normalized.png,C:\Studia\6 sem\biometria\projekt_2_koniec\rozpoznawanie-teczowki-biometria\results_mmu\normalizacja\6_right_christiner1_normalized.npy,128,128,8,128,ok
christiner2.bmp,C:\Studia\6 sem\biometria\projekt_2_koniec\rozpoznawanie-teczowki-biometria\results_mmu\normalizacja\6_right_christiner2_normalized.png,C:\Studia\6 sem\biometria\projekt_2_koniec\rozpoznawanie-teczowki-biometria\results_mmu\normalizacja\6_right_christiner2_normalized.npy,128,128,8,128,ok
christiner3.bmp,C:\Studia\6 sem\biometria\projekt_2_koniec\rozpoznawanie-teczowki-biometria\results_mmu\normalizacja\6_right_christiner3_normalized.png,C:\Studia\6 sem\biometria\projekt_2_koniec\rozpoznawanie-teczowki-biometria\results_mmu\normalizacja\6_right_christiner3_normalized.npy,128,128,8,128,ok
christiner4.bmp,C:\Studia\6 sem\biometria\projekt_2_koniec\rozpoznawanie-teczowki-biometria\results_mmu\normalizacja\6_right_christiner4_normalized.png,C:\Studia\6 sem\biometria\projekt_2_koniec\rozpoznawanie-teczowki-biometria\results_mmu\normalizacja\6_right_christiner4_normalized.npy,128,128,8,128,ok
christiner5.bmp,C:\Studia\6 sem\biometria\projekt_2_koniec\rozpoznawanie-teczowki-biometria\results_mmu\normalizacja\6_right_christiner5_normalized.png,C:\Studia\6 sem\biometria\projekt_2_koniec\rozpoznawanie-teczowki-biometria\results_mmu\normalizacja\6_right_christiner5_normalized.npy,128,128,8,128,ok
chualsl1.bmp,C:\Studia\6 sem\biometria\projekt_2_koniec\rozpoznawanie-teczowki-biometria\results_mmu\normalizacja\7_left_chualsl1_normalized.png,C:\Studia\6 sem\biometria\projekt_2_koniec\rozpoznawanie-teczowki-biometria\results_mmu\normalizacja\7_left_chualsl1_normalized.npy,128,128,8,128,ok
chualsl2.bmp,C:\Studia\6 sem\biometria\projekt_2_koniec\rozpoznawanie-teczowki-biometria\results_mmu\normalizacja\7_left_chualsl2_normalized.png,C:\Studia\6 sem\biometria\projekt_2_koniec\rozpoznawanie-teczowki-biometria\results_mmu\normalizacja\7_left_chualsl2_normalized.npy,128,128,8,128,ok
chualsl3.bmp,C:\Studia\6 sem\biometria\projekt_2_koniec\rozpoznawanie-teczowki-biometria\results_mmu\normalizacja\7_left_chualsl3_normalized.png,C:\Studia\6 sem\biometria\projekt_2_koniec\rozpoznawanie-teczowki-biometria\results_mmu\normalizacja\7_left_chualsl3_normalized.npy,128,128,8,128,ok
chualsl4.bmp,C:\Studia\6 sem\biometria\projekt_2_koniec\rozpoznawanie-teczowki-biometria\results_mmu\normalizacja\7_left_chualsl4_normalized.png,C:\Studia\6 sem\biometria\projekt_2_koniec\rozpoznawanie-teczowki-biometria\results_mmu\normalizacja\7_left_chualsl4_normalized.npy,128,128,8,128,ok
chualsl5.bmp,C:\Studia\6 sem\biometria\projekt_2_koniec\rozpoznawanie-teczowki-biometria\results_mmu\normalizacja\7_left_chualsl5_normalized.png,C:\Studia\6 sem\biometria\projekt_2_koniec\rozpoznawanie-teczowki-biometria\results_mmu\normalizacja\7_left_chualsl5_normalized.npy,128,128,8,128,ok
chualsr1.bmp,C:\Studia\6 sem\biometria\projekt_2_koniec\rozpoznawanie-teczowki-biometria\results_mmu\normalizacja\7_right_chualsr1_normalized.png,C:\Studia\6 sem\biometria\projekt_2_koniec\rozpoznawanie-teczowki-biometria\results_mmu\normalizacja\7_right_chualsr1_normalized.npy,128,128,8,128,ok
chualsr2.bmp,C:\Studia\6 sem\biometria\projekt_2_koniec\rozpoznawanie-teczowki-biometria\results_mmu\normalizacja\7_right_chualsr2_normalized.png,C:\Studia\6 sem\biometria\projekt_2_koniec\rozpoznawanie-teczowki-biometria\results_mmu\normalizacja\7_right_chualsr2_normalized.npy,128,128,8,128,ok
chualsr3.bmp,C:\Studia\6 sem\biometria\projekt_2_koniec\rozpoznawanie-teczowki-biometria\results_mmu\normalizacja\7_right_chualsr3_normalized.png,C:\Studia\6 sem\biometria\projekt_2_koniec\rozpoznawanie-teczowki-biometria\results_mmu\normalizacja\7_right_chualsr3_normalized.npy,128,128,8,128,ok
chualsr4.bmp,C:\Studia\6 sem\biometria\projekt_2_koniec\rozpoznawanie-teczowki-biometria\results_mmu\normalizacja\7_right_chualsr4_normalized.png,C:\Studia\6 sem\biometria\projekt_2_koniec\rozpoznawanie-teczowki-biometria\results_mmu\normalizacja\7_right_chualsr4_normalized.npy,128,128,8,128,ok
chualsr5.bmp,C:\Studia\6 sem\biometria\projekt_2_koniec\rozpoznawanie-teczowki-biometria\results_mmu\normalizacja\7_right_chualsr5_normalized.png,C:\Studia\6 sem\biometria\projekt_2_koniec\rozpoznawanie-teczowki-biometria\results_mmu\normalizacja\7_right_chualsr5_normalized.npy,128,128,8,128,ok
eugenehol1.bmp,C:\Studia\6 sem\biometria\projekt_2_koniec\rozpoznawanie-teczowki-biometria\results_mmu\normalizacja\8_left_eugenehol1_normalized.png,C:\Studia\6 sem\biometria\projekt_2_koniec\rozpoznawanie-teczowki-biometria\results_mmu\normalizacja\8_left_eugenehol1_normalized.npy,128,128,8,128,ok
eugenehol2.bmp,C:\Studia\6 sem\biometria\projekt_2_koniec\rozpoznawanie-teczowki-biometria\results_mmu\normalizacja\8_left_eugenehol2_normalized.png,C:\Studia\6 sem\biometria\projekt_2_koniec\rozpoznawanie-teczowki-biometria\results_mmu\normalizacja\8_left_eugenehol2_normalized.npy,128,128,8,128,ok
eugenehol3.bmp,C:\Studia\6 sem\biometria\projekt_2_koniec\rozpoznawanie-teczowki-biometria\results_mmu\normalizacja\8_left_eugenehol3_normalized.png,C:\Studia\6 sem\biometria\projekt_2_koniec\rozpoznawanie-teczowki-biometria\results_mmu\normalizacja\8_left_eugenehol3_normalized.npy,128,128,8,128,ok
eugenehol4.bmp,C:\Studia\6 sem\biometria\projekt_2_koniec\rozpoznawanie-teczowki-biometria\results_mmu\normalizacja\8_left_eugenehol4_normalized.png,C:\Studia\6 sem\biometria\projekt_2_koniec\rozpoznawanie-teczowki-biometria\results_mmu\normalizacja\8_left_eugenehol4_normalized.npy,128,128,8,128,ok
eugenehol5.bmp,C:\Studia\6 sem\biometria\projekt_2_koniec\rozpoznawanie-teczowki-biometria\results_mmu\normalizacja\8_left_eugenehol5_normalized.png,C:\Studia\6 sem\biometria\projekt_2_koniec\rozpoznawanie-teczowki-biometria\results_mmu\normalizacja\8_left_eugenehol5_normalized.npy,128,128,8,128,ok
eugenehor1.bmp,C:\Studia\6 sem\biometria\projekt_2_koniec\rozpoznawanie-teczowki-biometria\results_mmu\normalizacja\8_right_eugenehor1_normalized.png,C:\Studia\6 sem\biometria\projekt_2_koniec\rozpoznawanie-teczowki-biometria\results_mmu\normalizacja\8_right_eugenehor1_normalized.npy,128,128,8,128,ok
eugenehor2.bmp,C:\Studia\6 sem\biometria\projekt_2_koniec\rozpoznawanie-teczowki-biometria\results_mmu\normalizacja\8_right_eugenehor2_normalized.png,C:\Studia\6 sem\biometria\projekt_2_koniec\rozpoznawanie-teczowki-biometria\results_mmu\normalizacja\8_right_eugenehor2_normalized.npy,128,128,8,128,ok
eugenehor3.bmp,C:\Studia\6 sem\biometria\projekt_2_koniec\rozpoznawanie-teczowki-biometria\results_mmu\normalizacja\8_right_eugenehor3_normalized.png,C:\Studia\6 sem\biometria\projekt_2_koniec\rozpoznawanie-teczowki-biometria\results_mmu\normalizacja\8_right_eugenehor3_normalized.npy,128,128,8,128,ok
eugenehor4.bmp,C:\Studia\6 sem\biometria\projekt_2_koniec\rozpoznawanie-teczowki-biometria\results_mmu\normalizacja\8_right_eugenehor4_normalized.png,C:\Studia\6 sem\biometria\projekt_2_koniec\rozpoznawanie-teczowki-biometria\results_mmu\normalizacja\8_right_eugenehor4_normalized.npy,128,128,8,128,ok
eugenehor5.bmp,C:\Studia\6 sem\biometria\projekt_2_koniec\rozpoznawanie-teczowki-biometria\results_mmu\normalizacja\8_right_eugenehor5_normalized.png,C:\Studia\6 sem\biometria\projekt_2_koniec\rozpoznawanie-teczowki-biometria\results_mmu\normalizacja\8_right_eugenehor5_normalized.npy,128,128,8,128,ok
fatmal1.bmp,C:\Studia\6 sem\biometria\projekt_2_koniec\rozpoznawanie-teczowki-biometria\results_mmu\normalizacja\9_left_fatmal1_normalized.png,C:\Studia\6 sem\biometria\projekt_2_koniec\rozpoznawanie-teczowki-biometria\results_mmu\normalizacja\9_left_fatmal1_normalized.npy,128,128,8,128,ok
fatmal2.bmp,C:\Studia\6 sem\biometria\projekt_2_koniec\rozpoznawanie-teczowki-biometria\results_mmu\normalizacja\9_left_fatmal2_normalized.png,C:\Studia\6 sem\biometria\projekt_2_koniec\rozpoznawanie-teczowki-biometria\results_mmu\normalizacja\9_left_fatmal2_normalized.npy,128,128,8,128,ok
fatmal3.bmp,C:\Studia\6 sem\biometria\projekt_2_koniec\rozpoznawanie-teczowki-biometria\results_mmu\normalizacja\9_left_fatmal3_normalized.png,C:\Studia\6 sem\biometria\projekt_2_koniec\rozpoznawanie-teczowki-biometria\results_mmu\normalizacja\9_left_fatmal3_normalized.npy,128,128,8,128,ok
fatmal4.bmp,C:\Studia\6 sem\biometria\projekt_2_koniec\rozpoznawanie-teczowki-biometria\results_mmu\normalizacja\9_left_fatmal4_normalized.png,C:\Studia\6 sem\biometria\projekt_2_koniec\rozpoznawanie-teczowki-biometria\results_mmu\normalizacja\9_left_fatmal4_normalized.npy,128,128,8,128,ok
fatmal5.bmp,C:\Studia\6 sem\biometria\projekt_2_koniec\rozpoznawanie-teczowki-biometria\results_mmu\normalizacja\9_left_fatmal5_normalized.png,C:\Studia\6 sem\biometria\projekt_2_koniec\rozpoznawanie-teczowki-biometria\results_mmu\normalizacja\9_left_fatmal5_normalized.npy,128,128,8,128,ok
fatmar1.bmp,C:\Studia\6 sem\biometria\projekt_2_koniec\rozpoznawanie-teczowki-biometria\results_mmu\normalizacja\9_right_fatmar1_normalized.png,C:\Studia\6 sem\biometria\projekt_2_koniec\rozpoznawanie-teczowki-biometria\results_mmu\normalizacja\9_right_fatmar1_normalized.npy,128,128,8,128,ok
fatmar2.bmp,C:\Studia\6 sem\biometria\projekt_2_koniec\rozpoznawanie-teczowki-biometria\results_mmu\normalizacja\9_right_fatmar2_normalized.png,C:\Studia\6 sem\biometria\projekt_2_koniec\rozpoznawanie-teczowki-biometria\results_mmu\normalizacja\9_right_fatmar2_normalized.npy,128,128,8,128,ok
fatmar3.bmp,C:\Studia\6 sem\biometria\projekt_2_koniec\rozpoznawanie-teczowki-biometria\results_mmu\normalizacja\9_right_fatmar3_normalized.png,C:\Studia\6 sem\biometria\projekt_2_koniec\rozpoznawanie-teczowki-biometria\results_mmu\normalizacja\9_right_fatmar3_normalized.npy,128,128,8,128,ok
fatmar4.bmp,C:\Studia\6 sem\biometria\projekt_2_koniec\rozpoznawanie-teczowki-biometria\results_mmu\normalizacja\9_right_fatmar4_normalized.png,C:\Studia\6 sem\biometria\projekt_2_koniec\rozpoznawanie-teczowki-biometria\results_mmu\normalizacja\9_right_fatmar4_normalized.npy,128,128,8,128,ok
fatmar5.bmp,C:\Studia\6 sem\biometria\projekt_2_koniec\rozpoznawanie-teczowki-biometria\results_mmu\normalizacja\9_right_fatmar5_normalized.png,C:\Studia\6 sem\biometria\projekt_2_koniec\rozpoznawanie-teczowki-biometria\results_mmu\normalizacja\9_right_fatmar5_normalized.npy,128,128,8,128,ok
